Gene_set,Term,Overlap,P-value,Adjusted P-value,Old P-value,Old Adjusted P-value,Odds Ratio,Combined Score,Genes
GO_Biological_Process_2023,Innate Immune Response In Mucosa (GO:0002227),2/21,3.763275427209216e-05,0.0008453591827658329,0,0,300.3308270676692,3059.661074421551,DEFA4;DEFA1
GO_Biological_Process_2023,Mucosal Immune Response (GO:0002385),2/28,6.762873462126663e-05,0.0008453591827658329,0,0,219.3956043956044,2106.5219804560147,DEFA4;DEFA1
GO_Biological_Process_2023,Antibacterial Humoral Response (GO:0019731),2/49,0.00020937355557931883,0.0017447796298276,0,0,121.24012158054713,1027.0724207395506,DEFA4;DEFA1
GO_Biological_Process_2023,Antimicrobial Humoral Immune Response Mediated By Antimicrobial Peptide (GO:0061844),2/65,0.0003689413127509055,0.0023058832046931,0,0,90.37641723356008,714.4140977699672,DEFA4;DEFA1
GO_Biological_Process_2023,Defense Response To Gram-negative Bacterium (GO:0050829),2/75,0.000491070345932343,0.0024553517296617,0,0,77.95694716242662,593.9479909744274,DEFA4;DEFA1
GO_Biological_Process_2023,Defense Response To Gram-positive Bacterium (GO:0050830),2/85,0.000630282836882989,0.0026261784870124,0,0,68.53012048192771,505.02188772388456,DEFA4;DEFA1
GO_Biological_Process_2023,Antimicrobial Humoral Response (GO:0019730),2/100,0.000870867194754317,0.0031102399812654,0,0,57.99708454810496,408.6486795613659,DEFA4;DEFA1
GO_Biological_Process_2023,Cellular Response To Molecule Of Bacterial Origin (GO:0071219),2/117,0.0011891506969135,0.0037060175282115,0,0,49.38136645962733,332.5595989063731,DEFA4;DEFA1
GO_Biological_Process_2023,Cellular Response To Lipopolysaccharide (GO:0071222),2/124,0.0013341663101561,0.0037060175282115,0,0,46.531615925058546,308.01364310049706,DEFA4;DEFA1
GO_Biological_Process_2023,Response To Lipopolysaccharide (GO:0032496),2/159,0.0021796519790663,0.0054491299476657,0,0,36.09463148316651,221.20919963886445,DEFA4;DEFA1
GO_Biological_Process_2023,Defense Response To Bacterium (GO:0042742),2/204,0.003555434589427,0.0080805331577887,0,0,27.99009900990099,157.84394888758456,DEFA4;DEFA1
GO_Biological_Process_2023,Cellular Response To Lipid (GO:0071396),2/228,0.0044186639570074,0.0086381617452131,0,0,24.987357774968395,135.4794024127013,DEFA4;DEFA1
GO_Biological_Process_2023,T Cell Chemotaxis (GO:0010818),1/10,0.0044918441075108,0.0086381617452131,0,0,277.52777777777777,1500.1741678966396,DEFA1
GO_Biological_Process_2023,Killing By Host Of Symbiont Cells (GO:0051873),1/13,0.005835902950749,0.0104212552691947,0,0,208.11458333333337,1070.4844511001115,DEFA1
GO_Biological_Process_2023,Defense Response To Protozoan (GO:0042832),1/15,0.0067310464938694,0.0112139323020978,0,0,178.36607142857142,892.013120036697,DEFA1
GO_Biological_Process_2023,Intracellular Estrogen Receptor Signaling Pathway (GO:0030520),1/17,0.0076254739654265,0.0112139323020978,0,0,156.0546875,760.9633551596094,DEFA1
GO_Biological_Process_2023,T Cell Migration (GO:0072678),1/17,0.0076254739654265,0.0112139323020978,0,0,156.0546875,760.9633551596094,DEFA1
GO_Biological_Process_2023,Defense Response To Fungus (GO:0050832),1/29,0.0129770265246845,0.0177179886537944,0,0,89.12053571428571,387.1908225092229,DEFA4
GO_Biological_Process_2023,Cellular Response To Oxygen-Containing Compound (GO:1901701),2/406,0.0134656713768837,0.0177179886537944,0,0,13.852192362093351,59.669865793630336,DEFA4;DEFA1
GO_Biological_Process_2023,Endothelial Cell Migration (GO:0043542),1/40,0.0178600710727219,0.0222983591389063,0,0,63.94871794871795,257.40559445949555,S100P
GO_Biological_Process_2023,Intracellular Steroid Hormone Receptor Signaling Pathway (GO:0030518),1/43,0.01918807882344,0.0222983591389063,0,0,59.37202380952381,234.7252826710072,DEFA1
GO_Biological_Process_2023,Lymphocyte Chemotaxis (GO:0048247),1/44,0.0196303932897657,0.0222983591389063,0,0,57.98837209302326,227.93351613623008,DEFA1
GO_Biological_Process_2023,Epithelial Cell Migration (GO:0010631),1/46,0.0205144904077938,0.0222983591389063,0,0,55.40555555555556,215.34055050751047,S100P
GO_Biological_Process_2023,Adenylate Cyclase-Activating G Protein-Coupled Receptor Signaling Pathway (GO:0007189),1/110,0.0484341018809417,0.0504521894593143,0,0,22.80045871559633,69.02955452716058,ADGRG7
GO_Biological_Process_2023,Adenylate Cyclase-Modulating G Protein-Coupled Receptor Signaling Pathway (GO:0007188),1/163,0.0710171787187418,0.0710171787187418,0,0,15.300154320987655,40.4663603578683,ADGRG7
GO_Molecular_Function_2023,Protein Homodimerization Activity (GO:0042803),2/662,0.0337488942678396,0.1684365325401311,0,0,8.368398268398268,28.3588918579277,DEFA4;S100P
GO_Molecular_Function_2023,Magnesium Ion Binding (GO:0000287),1/155,0.0676392402357157,0.1684365325401311,0,0,16.101461038961038,43.370363904822035,S100P
GO_Molecular_Function_2023,G Protein-Coupled Receptor Activity (GO:0004930),1/250,0.1070560488411619,0.1684365325401311,0,0,9.910642570281125,22.14436711955613,ADGRG7
GO_Molecular_Function_2023,Cadherin Binding (GO:0045296),1/319,0.1347492260321049,0.1684365325401311,0,0,7.73309748427673,15.49975516509427,S100P
GO_Molecular_Function_2023,Metal Ion Binding (GO:0046872),1/521,0.2114862383443903,0.2114862383443903,0,0,4.680528846153846,7.271647848783415,S100P
GO_Cellular_Component_2023,Secretory Granule Lumen (GO:0034774),3/316,0.00030581261327210685,0.0061162522654421,0,0,31.43450479233227,254.3849251252275,DEFA4;S100P;DEFA1
GO_Cellular_Component_2023,Golgi Lumen (GO:0005796),2/100,0.000870867194754317,0.0087086719475431,0,0,57.99708454810496,408.6486795613659,DEFA4;DEFA1
GO_Cellular_Component_2023,Azurophil Granule (GO:0042582),2/155,0.0020729611988468,0.0138197413256455,0,0,37.04575163398693,228.8974441857843,DEFA4;DEFA1
GO_Cellular_Component_2023,Primary Lysosome (GO:0005766),1/10,0.0044918441075108,0.0224592205375541,0,0,277.52777777777777,1500.1741678966396,DEFA4
GO_Cellular_Component_2023,Ficolin-1-Rich Granule Membrane (GO:0101003),1/60,0.0266833549945496,0.0904088795983884,0,0,42.228813559322035,153.0251984891433,SIGLEC5
GO_Cellular_Component_2023,Specific Granule Lumen (GO:0035580),1/61,0.0271226638795165,0.0904088795983884,0,0,41.52291666666667,149.7891714493676,DEFA4
GO_Cellular_Component_2023,Tertiary Granule Membrane (GO:0070821),1/72,0.0319434429318554,0.0912669798053011,0,0,35.070422535211264,120.77511249569656,SIGLEC5
GO_Cellular_Component_2023,Azurophil Granule Lumen (GO:0035578),1/89,0.0393519815341948,0.098379953835487,0,0,28.271306818181817,91.4635848106468,DEFA1
GO_Cellular_Component_2023,Cytoplasmic Vesicle Lumen (GO:0060205),1/115,0.0505852294436722,0.1078710810733709,0,0,21.794956140350877,65.03823388729889,S100P
GO_Cellular_Component_2023,Intracellular Organelle Lumen (GO:0070013),2/856,0.0539355405366854,0.1078710810733709,0,0,6.402475744396119,18.695009179466187,DEFA4;DEFA1
GO_Cellular_Component_2023,Specific Granule (GO:0042581),1/159,0.0693295717296231,0.1086085110467063,0,0,15.690664556962023,41.8765595579694,DEFA4
GO_Cellular_Component_2023,Vacuolar Lumen (GO:0005775),1/161,0.0701737155440851,0.1086085110467063,0,0,15.49296875,41.16143214330553,DEFA1
GO_Cellular_Component_2023,Tertiary Granule (GO:0070820),1/162,0.0705955321803591,0.1086085110467063,0,0,15.395962732919257,40.811439727939835,SIGLEC5
GO_Cellular_Component_2023,Ficolin-1-Rich Granule (GO:0101002),1/184,0.0798325686269399,0.1140465266099142,0,0,13.530054644808745,34.20159319434997,SIGLEC5
GO_Cellular_Component_2023,Secretory Granule Membrane (GO:0030667),1/279,0.1187897456163976,0.1583863274885302,0,0,8.863758992805755,18.883353861350297,SIGLEC5
GO_Cellular_Component_2023,Collagen-Containing Extracellular Matrix (GO:0062023),1/373,0.1558868315633556,0.1906600442584697,0,0,6.592405913978495,12.252810268402405,DEFA1
GO_Cellular_Component_2023,Cytoplasmic Vesicle Membrane (GO:0030659),1/389,0.1620610376196993,0.1906600442584697,0,0,6.315399484536083,11.492651815926612,SIGLEC5
GO_Cellular_Component_2023,Bounding Membrane Of Organelle (GO:0098588),1/819,0.313661792179963,0.3485131024221811,0,0,2.929859413202934,3.3969961058290323,SIGLEC5
GO_Cellular_Component_2023,Nucleus (GO:0005634),1/4487,0.8984287031985597,0.9324822970792164,0,0,0.4320385644226482,0.0462747549445255,S100P
GO_Cellular_Component_2023,Intracellular Membrane-Bounded Organelle (GO:0043231),1/5175,0.9324822970792164,0.9324822970792164,0,0,0.3579677232315423,0.0250237737884024,S100P
