sample_id,7961102,7958000,8151592,8095694,8156706,8063478,8128683,8131067,8138789,8180346,7958262,7930398,8092552,8173135,7989849,8018097,8038877,8058221,7917148,8007462,y
GSM2600155,4.824050256018405,8.175396232625767,6.4725192253374235,5.541719796993865,7.887070886981595,8.251894059674846,7.6845254551042945,6.984583066907976,7.791969897042945,9.859254601957057,8.236102273552147,6.699734074674846,5.499667379613497,9.89825403129448,6.790887989723926,8.007446930361963,8.504230923429448,7.256212698963189,6.724804262846625,6.159180806171779,0
GSM2600156,4.5750655902638035,8.02017609903681,6.633512559257668,5.948282710674846,8.251894059674846,8.43900156690184,7.534759871165644,7.121183196386504,8.03362682309816,10.122430597920244,8.473196303527606,7.019184540564416,5.600124683319018,10.20292048519632,6.775873683392637,7.832126092214724,8.650818741325153,7.224673146760735,6.3516492725766875,6.574350642276073,0
GSM2600157,4.987119499312883,7.972398692766872,6.355375991779141,5.954371782092025,7.491425683687116,7.811426010067484,7.493003234294479,5.970012666429448,7.431594650153373,10.091175993766871,8.406027724760735,6.353491293644171,5.646506002147239,9.382018915012267,6.722531543779141,7.6363877718036814,8.86858398109816,7.27921535314724,6.350384486079754,6.074251533693252,0
GSM2600158,4.782705124159508,7.726697975190183,6.855838632184049,5.597613965214724,8.254923230411043,8.429922393631902,7.570081944257668,7.156843296748467,7.921872048723926,9.978767048650306,8.363724792582822,6.958401792846626,5.665565920233129,10.031630693766871,6.840894614423313,7.920378236521472,8.418036857417178,7.456927106595093,6.472189736809816,6.256958189245399,0
GSM2600159,5.045884214576687,8.103223574570553,7.143110880282209,5.690038943736196,7.793303904877301,8.170679299760737,7.9355259078957054,6.840133436730062,7.835793970153374,10.30025422638037,8.270565976128834,6.745504171196319,5.080279510288344,9.954616155104295,7.103110044141104,7.878680179257669,7.808592507521472,7.452769875711657,7.043577413331287,6.712436168693252,0
GSM2600160,4.584603188822086,7.852127268312884,6.204073491423313,5.215074555631902,7.36793394995092,7.764292699558282,7.393156367619633,6.4787586254662575,7.538236474092026,10.12713957097546,8.161100378337425,6.5618733410858905,5.428387405447853,9.488971384263804,7.136949469263803,7.766954557705521,8.556366297239263,7.154147412079754,7.007777266932515,6.588062139361964,0
GSM2600161,4.958845285668711,8.025910342693251,6.497450620901841,6.100086942558282,8.18663219473006,8.436677997177915,7.435874904239263,6.845749732846627,8.19307882714724,10.132074555325154,8.409240861938649,6.883221662975459,5.8320121852883435,10.236856786319018,7.019634161239264,8.07662654817178,8.215639405552146,7.572896092104295,6.822416473067484,6.609941449122699,0
GSM2600162,4.950679416938651,8.030115618595092,6.671551019337423,5.836732882429447,8.80420415103681,9.003254759687117,7.731212439404908,7.761340455460123,8.367835174558282,10.487289611411043,8.359302334601226,7.096186664546012,6.669076129429448,10.639839122883435,7.169691327865031,8.376556022527607,8.03362682309816,7.8592455290061345,6.90230567303681,6.264482988429448,0
GSM2600163,5.048278256889571,8.340571029165645,7.685800184380368,6.32674397085276,8.786092201687117,8.958803596521472,8.063556503257669,8.412646391723927,8.213708224036811,10.840780154969323,7.98427624980368,7.213105341570552,5.874820671361963,10.639839122883435,7.041367803981595,8.522675043423313,7.896223884331287,7.524720797110429,6.939832248570552,5.902634313269938,0
GSM2600164,5.179900829944786,8.311644552325154,7.412640430717792,6.495533418294479,8.337384156723926,8.57360077281595,7.858400802128834,7.288174123754601,7.808592507521472,10.61969187570552,8.383952711294478,6.846820418435583,6.139207027006135,10.61508002803681,7.17385195209816,8.18570556096319,8.18276722466871,7.59411010596319,6.715264392006135,6.166879844177914,0
GSM2600165,4.229295596128835,7.942382586527607,7.025496613067484,5.988454619030675,7.817843617582822,8.359302334601226,7.577795192625767,6.722184612766871,7.235739149447853,10.117940097380368,8.231107740417178,6.531818009662576,5.555623950656441,9.918677668619631,7.278184635165644,8.342653366184049,8.081562496325153,7.4558527998773005,6.890336163147239,6.292766526883436,0
GSM2600166,6.50454693314724,8.08804596185276,6.778850546748466,5.0416733330122705,8.928524740582821,8.836582059030675,7.384766083920245,6.894268346932515,8.385992045920245,10.755716628282208,8.545284534337423,7.257212100349693,6.252873431944785,10.487289611411043,6.965316545736196,8.32741494492638,8.84788987590184,7.759970741282208,6.758025872331289,5.831087231429447,0
GSM2600167,5.844959686570553,7.766350549527608,6.9151562018773,5.181334956625767,8.57837123104908,8.521387546325153,7.483633486699387,6.520777666779141,7.603549468085889,10.804189130245398,8.256947695601227,7.049036796098159,5.336944228294478,10.304779486134969,7.105261830766871,8.058386861717791,8.857941068932515,7.695322146226994,6.530470843613497,5.996375197552147,0
GSM2600168,5.96333739398773,8.142381521576686,6.456886229202453,5.150634121435583,9.156778071595092,8.74906242438037,7.546136028226994,7.390416539460123,8.208382341711657,10.402904203558284,8.266304516558282,7.203816429846626,6.389510392883436,10.151268266546014,7.042274338110429,8.243832272883436,8.710941247558281,8.005028293423313,6.702513403576687,6.009260906134969,0
GSM2600169,5.532855460325154,7.924246154779141,6.307648887288344,4.978857274576687,8.318875458042946,8.734326141361963,7.472750979319018,6.651996890269939,8.043793719674847,10.064019752116565,8.328648287398773,6.896251991404908,5.68375076390184,9.87924698131902,6.8105753486257665,7.996066909141104,8.655752907110429,7.1070571540613505,6.710562916423314,6.188475063564417,0
GSM2600170,6.260304001435583,7.958703539300614,7.052945406981595,5.155014801840491,8.975404448141104,8.655752907110429,7.622255919306749,7.207578750411043,8.121083572202455,10.69410601815951,8.66834670895092,7.318507996319018,6.171183369527608,10.411970136319018,7.331968236398772,8.226117008509203,8.906260978644172,7.843122113036809,6.719980085601227,6.298017058239263,0
GSM2600171,5.959213261294479,7.733861951447853,6.571973184331289,5.0646902307914115,8.933234555588957,8.658393776552147,7.305484189963191,7.702610111662577,8.143150280184049,10.983228374539877,8.494264359564417,7.257212100349693,6.3234979984417174,10.496792272883434,6.719980085601227,8.041419366797546,9.193335468742331,7.516949754840491,6.296865750619633,6.121635443263804,0
GSM2600172,5.8320121852883435,7.593600177128834,7.041818023533742,5.004987432435582,9.087236599036808,8.596271741576688,7.481995704073619,7.366938314417178,8.314778196343559,10.780895978466258,8.522675043423313,7.2557623585582816,6.095676525374233,10.385116927668712,7.0183603948404905,8.125536979773006,9.041856612055216,7.451044551116564,6.451518819196318,6.126883871,0
GSM2600173,5.935613718429448,7.732678671,6.466137789331288,4.694126931239263,8.857941068932515,8.543218888098158,7.26061509495092,6.721836557625767,8.000218791957055,10.650683850920244,8.4744403186319,6.993506186312884,5.985359654957056,10.32919495380368,6.914284678466258,8.04551854595092,8.684641986717791,7.874946337294478,6.28818966703681,5.960410956092025,0
GSM2600174,6.020999185239264,8.10155430520859,7.088025602441718,5.0329513047116565,9.263323706288343,8.696834620644172,7.865888590319019,7.145291527730061,8.387071345061349,10.43494076404908,8.574672180453987,7.390416539460123,6.554404724496933,10.422115294969323,7.206652829779141,8.389212019613497,8.91617527991411,8.055600422944785,6.869827645834356,5.824137881558283,0
GSM2600175,6.413624953834356,7.985112927030675,7.040550842398773,5.115099725656441,8.86858398109816,8.486558531619632,8.030115618595092,6.6129871362576695,8.132785611325154,10.496792272883434,8.56480343309816,7.105726805116564,6.110702880153374,10.231759488895706,7.152800678687116,8.20569936211043,8.838122375331288,7.889328323404908,6.756241873214725,5.982298157656442,0
GSM2600176,5.658070224049079,7.681265417441717,6.083319873104294,4.932132245871165,8.549078980944786,8.445478863423313,7.45535185398773,6.614302632404908,7.80576406496319,10.212495040490795,8.376556022527607,6.817543476092024,5.821653915092025,9.855554730570551,6.864140891650307,7.832126092214724,8.859294026668712,7.376511924343558,6.66947095693865,6.389239754730061,0
GSM2600177,5.699644903319019,7.575343606760737,7.143996501987731,5.512733076809816,8.909562660582823,8.32128972807362,7.637566503226994,6.961475387251534,7.754965371073619,10.51119702404908,8.409240861938649,6.758820637435583,5.74031493815951,10.983228374539877,7.32775034713497,7.967655289251533,8.334145817055214,7.731998098687116,6.680682125122699,6.14904303006135,0
GSM2600178,6.216266245447853,7.515252419042945,6.766244006779141,5.2793018265276075,8.81336772704908,8.419125282907975,7.5052722521656445,6.666946682257669,7.813680388374233,10.72734073570552,8.457944568736195,7.0250989013190175,6.305579732736196,9.95078848193865,6.738911347226994,8.118357721337423,8.556366297239263,7.525877394202453,6.403654853006135,6.195267381484663,0
GSM2600179,6.397404534411043,7.7115277619325155,6.639403925582822,4.913244583552148,8.50670853104908,8.392290678116565,7.590135487717792,6.19668964785276,7.436403438957055,10.189573227337425,8.383952711294478,6.660898812423313,6.293387544539877,9.561748699687117,6.789758920846626,8.159423980601227,8.63543010514724,7.396251491447853,6.6146197109693246,5.992282495699387,0
GSM2600180,6.107378194717792,7.444173254907976,6.071096540674847,4.975992705006135,8.111000562460124,7.774042765699387,7.1993166132515345,5.718625395699386,7.139641028153374,9.8479737368773,8.531226772944784,6.603063434889571,5.802458665521472,9.094717435687118,6.713554019312884,7.749675004895705,8.545284534337423,7.126150840226993,6.798871842245399,6.278799035374234,0
GSM2600181,6.167426395680982,7.223717414662576,5.637134868423313,4.9098059302760735,7.227613208392638,7.543863863588958,7.605559498938651,5.705700036202454,7.18285444315951,10.099762728368098,8.518991932509202,6.38710100880368,5.212632125668712,8.75941631786503,6.951937045539878,7.571728299392638,8.013545972619632,7.143549171061349,6.729400339638037,6.162038699184048,0
GSM2600182,6.170031193392638,7.709433378042944,6.653820872245399,4.641556759141104,8.544301897398773,8.191184101055216,7.497726274361963,6.462433324975461,7.360027288699387,10.39395459803681,8.452107928141105,6.918956055306749,6.121054571895705,9.74579581309816,6.662595057435583,8.12308925244172,8.499117130245398,7.440413883055215,6.742944810607361,5.833998065631902,0
GSM2600183,6.607210584907975,7.513767242055215,6.650655281595093,5.613715342650307,8.333084869570552,8.202915995957056,7.604924852858895,6.275897130251534,7.633814063834356,10.043779467638036,8.259964572932516,6.86620945093865,6.147067723239264,9.27363688007362,6.858461063141104,7.916487729993864,8.290707320693251,7.088468717294479,6.431260220723926,5.872768658466257,0
GSM2600184,6.0570432509079755,7.414699457564417,6.713554019312884,5.341799707539877,8.031832923177914,7.987712333257669,7.534759871165644,6.413300259938651,7.770663612656441,10.402904203558284,8.558805620337424,6.8397486834110435,5.847323680466258,9.451196754325151,6.737540170932515,7.872530916245399,8.74161564191411,7.30873443209816,6.510005497533743,6.268377967294478,0
GSM2600185,5.841871026245399,7.272692092312883,6.474185035239264,4.86070591795092,8.060080439533742,8.021054172932516,7.32097461801227,6.243819549306748,7.608545163484663,9.947288503496932,8.58337747139264,6.7282985204785275,5.808052013625766,9.41697528395092,7.142709525815951,7.852127268312884,8.346585812343557,7.5052722521656445,6.498448391932515,6.357872583650307,0
GSM2600186,6.072821825208589,7.757119281331288,7.079209456546012,5.158148175914111,8.636815107503068,8.571060598668712,7.679909201466258,6.602291985300614,7.863713475920246,10.355584118343558,8.50670853104908,6.975013287484663,6.4158787927116565,10.221995964355829,6.892243604693252,8.154659669858896,7.987712333257669,7.841030847092025,6.5398700514662576,5.944092391809816,0
GSM2600187,6.182089207981595,7.673793984441718,6.537600207570552,5.246158113380368,7.936351125073619,8.15359207895092,7.216442328920245,6.477052819220859,7.256212698963189,10.064019752116565,8.174434749478527,6.924989622159509,5.801492328748466,9.334271613742333,6.64917108291411,7.907856797705521,8.363724792582822,7.102263935368098,6.389239754730061,5.880642320282209,0
GSM2600188,6.172966950582822,7.398182846282208,5.999697046349693,4.782705124159508,7.496156935650307,7.733861951447853,7.458610676858896,5.58394934591411,6.889932030030675,9.967461160723929,8.274482787748466,6.390760073944785,5.2833758002576685,8.989148317944785,6.853496883552147,7.712153607496933,8.39014155403681,7.075433669325154,6.296865750619633,5.980598537773006,0
GSM2600189,5.991343266576687,7.701292359680982,7.071116558030675,4.896743226785276,8.503009291,8.325458450380369,7.725340906957056,6.167701072319018,7.487351532687117,10.221995964355829,8.706577351613497,7.050387031914109,6.404639960674847,9.963139895834356,7.138814327196319,8.171541383809815,8.168879551233129,7.795909063773006,6.833521585220859,6.113503363588957,0
GSM2600190,6.148515850822086,7.294040847619631,6.53792525102454,4.500652557251534,8.293830896036809,7.953139131282209,7.626636320895706,6.639084120582822,7.792710594263803,10.49208298153374,8.601412142411043,7.017565206687117,5.661887061030675,10.212495040490795,7.030975484969325,7.961116860766872,8.238057244834355,7.640544719104295,6.665356463748466,5.757450319650307,0
GSM2600191,6.438237284460123,7.1461996534785275,6.08359338911043,4.932132245871165,7.57416683604908,7.647765040742331,7.418835201662577,6.402779549619632,7.387368915466258,10.535491822515336,8.772549018981595,6.65031081095092,5.768859415239264,10.241240422699386,6.609229680055214,7.796447059288344,8.446460978742332,7.083190376907975,6.232074972294479,5.810187528865031,0
GSM2600192,6.27345476408589,7.244838856834356,5.4373807907852765,4.328572056791411,7.022603614680982,7.580832922552147,7.42629341895092,5.740952228846626,7.177864285871166,10.160157370601228,8.589911510570552,6.117009945613496,5.218912090404908,9.209946874214724,6.719980085601227,7.712153607496933,8.199757510858896,7.269692925478528,6.599496806785275,5.683418552276074,0
GSM2600193,6.2145896497361965,6.915559395435582,6.087607423570552,5.0781167444294475,7.779055704926381,7.662213281429448,7.32336962196319,6.422767892791411,7.686982469368099,10.426121589325154,8.593846758785276,6.7159634733742335,5.617633862128834,10.011024028533742,6.7039763452760734,7.746852369791411,8.416957996723927,7.332905522355829,6.4627392270429445,6.124666546668712,0
GSM2600194,6.434116607067486,7.42629341895092,6.8034900557300615,4.694126931239263,8.563580751871166,8.165057879533743,7.617353208834356,6.974271629202454,7.949218700036809,10.780895978466258,8.469826578128833,6.876068688319018,6.237356216840491,10.650683850920244,6.861388988595093,8.02017609903681,8.110209473404907,7.371073997490797,6.482903124932515,5.93613706281595,0
GSM2600195,6.35232105107362,7.325846840920246,6.183997721472393,4.771275697926381,8.18570556096319,8.071450950466257,7.272692092312883,6.42001023503681,7.605559498938651,10.217656559631902,8.406027724760735,6.686680054030674,5.878487137552147,10.32919495380368,6.578680063098159,8.077455863441717,7.918953528306749,7.294558482515337,6.5284995835766875,5.6532118540429455,0
GSM2600196,6.256101577030675,7.406894290754601,6.193754117380369,4.271894700288343,7.563673953429448,7.418835201662577,7.542765025423313,5.872422615349693,7.07019483906135,9.963139895834356,8.648132231251534,6.5510088996993865,5.538020742791411,9.958732482429449,6.9056968277239275,7.723141860337423,8.168879551233129,7.482509631650307,6.6765768601656434,5.7040201925828224,0
GSM2600197,5.463134147269939,7.571188924411043,6.793928546325152,4.393957872411043,8.320075171484662,7.939478262134969,7.719843965699386,7.070685066705522,7.655043910184049,10.402904203558284,8.57589508096319,6.657269815159509,5.870090935822086,10.645188742208587,6.602291985300614,8.097833943312883,8.202915995957056,7.4013858494049085,6.6523698567730065,5.694176888349693,0
GSM2600198,5.940957072680981,7.915778136116564,7.016763595730061,4.3453756483067485,8.171541383809815,8.228004230742332,7.763625892613496,6.708034829785276,7.433160350797546,10.487289611411043,8.601412142411043,6.785649725257669,5.082256717889571,10.682828187300611,6.815751557006134,8.278630974834355,7.926718818588957,7.334332500429448,6.5927468260552144,6.279644492865031,0
GSM2600199,6.392326323668712,7.76289885206135,7.672512938503068,5.425885255791411,8.584594317392638,8.407005520705521,7.947706320576687,7.1941594585644175,8.18570556096319,11.049546435398772,8.605286373067484,7.164321713055215,6.164025799779141,11.19494410601227,6.684599655699387,8.336394811128834,8.126384913104296,7.701292359680982,6.743303396288344,5.673788659773006,0
GSM2600200,6.271955571435583,7.761340455460123,7.32336962196319,5.199878148773006,8.824364057496933,8.503009291,7.872530916245399,6.906056363840491,8.191184101055216,10.57946272,8.798292391177915,7.224673146760735,6.4848965511533745,11.09647575018405,7.067933234233129,8.367835174558282,8.18570556096319,8.026769388846626,6.7206764124049085,5.753031558386503,0
GSM2600201,5.739452920822085,7.617353208834356,6.486821261300613,4.87167236798773,8.359302334601226,8.4744403186319,7.736744509447853,6.903504555527608,7.981695386435582,10.56380260226994,8.683271723226994,6.862564880963189,5.98422625598773,10.731965932208588,6.9786347411717795,8.43900156690184,8.098726357515337,7.81494251411043,6.843484740957055,6.189064641453988,0
GSM2600202,5.453499849527607,7.524720797110429,6.6784030810368105,5.092133687165644,8.485393720257669,8.259964572932516,7.520803607840491,7.475573222319018,7.970866083018405,10.699081801963189,8.341695932687117,7.313557321380368,6.706495990607363,10.66060352588957,6.827995798717791,8.0284712142454,9.316766985920246,7.486243440644173,6.453016713263804,6.224051152466258,0
GSM2600203,5.390457884079755,8.017739740214724,6.526477345576688,4.556408022380368,8.44876376681595,8.281552260668711,7.412640430717792,7.025944660754601,7.76289885206135,10.360855891165643,8.216448913466259,6.982125793509202,6.235658039619632,10.61969187570552,6.923024149226993,8.03104307286503,9.064239288276074,7.595300148042945,6.449626958478528,6.262365297312884,0
GSM2600204,5.912247253245399,7.924246154779141,6.807901089944784,5.159597906503068,8.766758935435583,8.37318102586503,7.70543131096319,7.699840585895706,7.700612455282209,10.715509353251534,8.311644552325154,7.238560123055215,6.275897130251534,10.879489518773006,7.094394898815951,8.249815026638037,8.799918733852762,7.492454709141104,6.481974386,6.342846310294478,0
GSM2600205,5.411983696128834,8.008377408337424,7.16650987379141,5.2552412051779145,8.878464107220859,8.61286155425767,7.386846998797546,7.741359982932516,8.030115618595092,10.761644683742333,8.318875458042946,7.413140150809816,6.749235243797545,11.169513596932514,7.040150533055215,8.335340327521472,8.873724505705521,7.972398692766872,6.506838919036809,6.439767043717791,0
GSM2600206,5.512265077,7.988481477754601,7.437926840337424,5.27540118607362,8.74589150570552,8.462582483067484,7.751679145245399,7.596956555251533,7.950045553484662,10.704596706932517,8.129123021852761,7.394203815766872,6.546719479257669,10.737632543496932,6.859534274730061,8.239900903631902,8.84788987590184,7.759970741282208,6.788280817251534,6.117597137950921,0
GSM2600207,5.5753790529263805,7.76289885206135,6.645780457306749,4.938585750006135,8.291714856024539,8.312782184490798,7.579050090478528,6.771417568306749,7.528337300460123,10.604674087055216,8.335340327521472,6.991830896846626,6.373114695969325,10.416995665766873,6.798871842245399,8.095130498601227,9.102255639938653,7.437926840337424,6.510939004674847,6.131464958631901,0
GSM2600208,5.446950101098159,7.790616073785276,6.82914985713497,5.0646902307914115,8.716255342687116,8.25596829097546,7.436403438957055,7.36793394995092,7.817005652417177,10.639839122883435,8.482789223214724,7.28683333791411,6.53792525102454,10.780895978466258,6.965316545736196,8.113849203662577,9.14714719202454,7.58027301904908,6.372172240803681,6.205334803631902,0
GSM2600209,5.5882672054969325,7.785214193423313,6.956758791969325,5.187012241404908,8.990950297349693,8.674883705214723,7.478333726779141,7.695322146226994,7.8643299208773,10.755716628282208,8.347575632730061,7.388336545527607,6.439155699846626,10.983228374539877,6.892650124208589,8.387071345061349,9.133832240184049,7.780455988754602,6.498448391932515,6.300809645300614,0
GSM2600210,5.424606074687116,7.754365176380368,7.703287616515337,5.712552740147239,9.156778071595092,8.702586473509204,7.887791055300614,8.031832923177914,8.220359152337425,10.799114852515338,8.18276722466871,7.693884240165644,6.850167922969325,11.104387519079754,6.55578897706135,8.504230923429448,9.176709249294476,7.547755409803681,6.370851675190185,6.169727511147239,0
GSM2600211,5.2933929482147235,8.021054172932516,7.563673953429448,5.544817840441718,8.836582059030675,8.57226677993865,7.993461123184049,7.696670995932516,7.852127268312884,10.983228374539877,8.450994922736196,7.451593707042944,6.726013861061349,11.220612738834356,6.901854582920246,8.368954154736196,9.141621018883436,7.710167859472393,6.463097366613496,6.35232105107362,0
GSM2600212,5.9768186096871165,7.910204269674846,7.819386324797547,5.682361308588956,9.305034548834357,8.699601150619632,7.985112927030675,7.974766425202453,8.245943147226994,10.96929357239264,8.275452738957055,7.609125356895706,6.737220726251534,11.373403794785276,6.899324759312884,8.592555809644173,9.131865439576687,7.890909601815952,6.57466913897546,6.375296370797546,0
GSM2600213,5.2793018265276075,7.883278135588958,7.707434674785276,5.39459622495092,9.041856612055216,8.607908929730062,7.771344846748466,7.957932357460122,8.180121529190185,11.026428123006134,8.15565389607362,7.369427511558282,6.3904356078159505,11.286495867607362,7.098902432883436,8.56480343309816,9.04351482120859,7.835133288503067,6.54358261514724,6.278511034177914,0
GSM2600214,5.3858763615276075,7.753649070601226,7.30873443209816,5.058352272104294,8.072251470993866,8.098726357515337,7.897542225944785,6.942131524423313,8.013545972619632,10.459608727239264,8.756290226803682,7.192777432153374,5.528438247723926,10.540664508588955,7.297060000447853,7.981695386435582,8.223069417337424,7.559390566484663,6.81969755214724,6.303389179294478,0
GSM2600215,5.178558792319018,7.589539415122699,6.066595519349693,4.9098059302760735,8.435502076380368,8.079035394809816,7.58027301904908,7.074640293055215,7.767718593650306,10.160157370601228,8.493220014055215,6.848649420392639,5.844351391546012,10.51119702404908,6.9056968277239275,7.90304218277914,8.61912737819632,7.238560123055215,6.514857275404908,6.284542234656441,0
GSM2600216,5.118442790773006,7.414699457564417,6.164886380361963,4.694126931239263,8.342653366184049,8.044636520944785,7.481492101570551,6.643066820098159,7.743353983607363,10.17022742707362,8.44426876998773,6.878336529116564,5.983667634245399,10.360855891165643,6.712436168693252,7.967655289251533,8.51780513776687,7.585554548226994,6.600910077932515,6.213689116613497,0
GSM2600217,5.052348740171779,7.467803232748466,5.754313478349694,4.7296291911472395,7.628827794079754,7.908676111932516,7.625383986773007,6.447144912797546,7.4158053286871155,9.97454007614724,8.333084869570552,6.921901264546013,5.604717619932515,10.047912881325152,6.61363508807362,7.950767672478527,8.732893565294479,6.977379244208589,6.465825376177913,6.05593834206135,0
GSM2600218,5.043673707564418,7.553062542085889,6.35232105107362,5.280283983993865,8.20379237802454,8.304272460092024,7.368446095380368,7.123823931368098,7.674486437429448,9.986541491552147,8.453207277361964,6.947808888239264,5.908034683993865,10.6768082102454,6.7969717182576685,8.037950824797546,8.57837123104908,7.278184635165644,6.262675449141104,6.243819549306748,0
GSM2600219,4.896743226785276,7.744088455834356,5.661887061030675,4.5750655902638035,7.567328842809816,7.856069589184049,7.6363877718036814,6.092834858638037,7.430487788858896,9.817350064466256,8.6656658068773,6.503169411748466,5.202439825220859,9.99077343804908,6.747324918116564,7.813680388374233,8.387071345061349,7.190502722435582,6.732871275797546,6.34694595902454,0
GSM2600220,5.306260131723926,7.277674748208589,5.827141485625766,4.706191969472393,7.638162265883435,7.631824891417177,7.514292752030674,6.36995302095092,7.27164829609816,9.883004931435584,8.538464799539877,6.643401573300614,5.115099725656441,9.86710791513497,6.851264239668712,7.696670995932516,8.591101787920245,7.054716997871165,6.5198245256441725,6.50713633607362,0
GSM2600221,4.655436057,7.363629275865031,6.057315456325154,4.923256065190184,7.866585381846626,8.10155430520859,7.467252063895705,6.69045484393865,7.673793984441718,9.970817640987727,8.489913652895705,6.815751557006134,5.46423058091411,10.189573227337425,6.85202866290184,7.872530916245399,8.558805620337424,7.154147412079754,6.847850408680982,6.463410660417178,0
GSM2600222,5.216257030411043,7.7621636671227,6.813158261349693,4.92610919891411,8.646869120411043,8.475606629736196,7.82922776777914,7.051231627766871,7.832126092214724,9.963139895834356,8.607908929730062,6.950340434214724,6.4503258464171775,11.034098125398772,6.831041167693251,8.254923230411043,8.311644552325154,7.550734923773007,6.8086559782269935,6.454205242797546,0
GSM2600223,4.8645634744233135,7.465620019705521,7.137843113699387,4.947929213920245,8.42889685992638,8.549078980944786,7.870965694447852,7.411164659116564,7.787790119595092,10.13695846891411,8.542140192558282,6.920798263607362,6.325334736006135,10.990349519263804,6.6495801127239265,8.069696193165644,8.720792413552147,7.235303763042945,6.31832687504908,6.283106262398774,0
GSM2600224,4.844934756294478,7.657747749331288,7.124793247668711,5.145845396361963,8.569872188165645,8.299079082515338,7.981695386435582,7.339318534773007,7.83350048695092,10.047912881325152,8.690178497834355,7.109672885288344,5.8933976466564415,10.629198618404908,6.8253874219815955,8.06181755392638,8.63102807002454,7.301277124993865,6.644430861613498,6.475711704822086,0
GSM2600225,4.868016376809816,7.8262416567055215,6.7618640229325155,5.1882580550920245,7.939478262134969,8.150856471484664,7.895434372858896,6.8016026714846625,7.40794523309816,10.221995964355829,8.365784074190184,6.722184612766871,5.106542738760736,10.207769638588957,6.766244006779141,7.976892340705522,8.6521574097546,7.02091567917178,6.639403925582822,6.59884588902454,0
GSM2600226,6.279953957392638,7.870272035214724,6.957144019687116,5.307208899693252,8.945342095116565,8.462582483067484,7.674486437429448,6.718256809067485,7.936351125073619,10.164932165619632,8.429922393631902,7.194679322417177,6.141601998245399,10.221995964355829,7.390416539460123,8.199757510858896,7.559390566484663,7.85364394897546,7.0761659048957055,6.802744396355828,1
GSM2600227,6.420899294570552,8.030115618595092,7.18685823909816,5.5980394701595095,9.316766985920246,8.75352790080368,7.627739248220859,7.434767371306749,8.56480343309816,10.37105588803681,8.389212019613497,7.28492612803681,6.705784792380367,10.634130797361964,7.479884461822086,8.403645123858896,7.718412983932516,7.924942346546012,7.005285846361963,6.435409330312884,1
GSM2600228,6.510005497533743,8.03104307286503,7.387368915466258,5.887996970263804,9.41198692622086,8.744528648552148,7.59411010596319,7.481492101570551,8.628024210300614,10.375377795276073,8.389212019613497,7.439403658607362,6.435409330312884,10.56380260226994,7.395169534791411,8.251894059674846,8.078240021171778,8.111000562460124,6.9056968277239275,6.737220726251534,1
GSM2600229,6.2359536973558285,8.135652318012271,7.277674748208589,5.885735461398773,8.691361397815951,8.646869120411043,7.952355895742331,6.99391084006135,7.874946337294478,10.506322735398774,8.231107740417178,7.1039877074294475,5.6172514630000006,10.268242793067484,7.377594708030675,8.27655335704908,7.616782930607362,7.483633486699387,7.031328672220858,6.3992337443680976,1
GSM2600230,6.299225906877301,7.626636320895706,6.812060686300614,5.3579439459263805,9.006834914711657,8.44426876998773,7.547755409803681,7.135630047472393,8.140367015766872,10.39395459803681,8.367835174558282,6.818930800674846,6.066870012202454,10.268242793067484,7.326335031153373,8.10675207882822,7.978577058901839,7.665497026944784,6.92858867415951,6.368374758417178,1
GSM2600231,6.624578949,7.907122459251534,6.75484724104908,5.433217256607362,8.860744339478527,8.328648287398773,7.559390566484663,7.664112430699387,7.881033601245399,10.341540822392638,8.44315997407362,6.7834032153496935,5.891286809220859,10.398621946871163,7.245727138147239,8.1837627308773,8.148148973907976,7.671891851312884,6.814227548,6.5284995835766875,1
GSM2600232,6.368707763570551,7.635029516478528,7.304958062766871,5.575816691447853,9.205607435736196,8.381820506282208,7.689515687693251,7.1546289965337415,8.189395599331288,10.389498758773009,8.323330947546012,7.143996501987731,6.198511564343558,10.32919495380368,7.476119718944786,8.063556503257669,8.176275096932516,7.846937377570551,6.943314481331288,6.664288387865031,1
GSM2600233,6.529789433331288,7.919651839723927,7.286334923226994,5.404024434914111,8.816601391601226,8.505504105079755,7.752296716693252,7.115896845386502,7.774770226386504,10.346183183067485,8.385992045920245,7.127097576398773,5.434425591687116,10.132074555325154,7.410622829374233,8.161100378337425,7.827804305214723,7.699195204368098,6.847545669865031,6.679123451404909,1
GSM2600234,6.136919529141104,8.103966617711658,7.777644318,5.685691830601227,9.50631402818405,8.772549018981595,7.887791055300614,7.408471952797546,8.427771905846626,10.666423854723924,8.462582483067484,7.422104873846626,6.459532066895705,10.879489518773006,7.484143943496933,8.363724792582822,7.727376023987731,8.170679299760737,6.85991615785276,6.7969717182576685,1
GSM2600235,6.575304020263803,8.212822642760736,7.54055066501227,5.4486833906687115,9.465784710208588,9.005040492453988,7.823865167730061,7.702610111662577,8.292932661159508,10.639839122883435,8.521387546325153,7.40294023411043,6.907563745153374,10.840780154969323,7.355833692656441,8.462582483067484,8.37318102586503,7.9754679471533745,6.952826280834355,6.586005413852761,1
GSM2600236,7.874946337294478,8.75941631786503,9.768208746460123,7.185001669196319,8.420181316141104,8.786092201687117,8.547712150717791,7.769846379981595,8.194899634613497,10.934225712822084,8.896513363613497,7.881813372871166,6.118753873963191,10.14250718117178,8.040420292895705,8.19307882714724,6.973518699398773,7.888496685288344,7.633148301803682,6.337197039306749,1
GSM2600237,6.1453445840552146,7.957932357460122,7.659569117153374,5.6659108739079755,9.22930492886503,9.006834914711657,8.09428330395092,7.314992750950921,8.217446077693252,10.56380260226994,8.275452738957055,7.321848365705521,6.787483481153375,11.004730279447854,7.127974878773006,8.552617969484663,7.9063266,8.039500496883436,6.730365363092025,6.497751422969325,1
GSM2600238,6.603063434889571,8.614118721392638,7.719144464871165,6.653095545957055,9.054990103564416,9.240567404797543,8.245943147226994,8.427771905846626,8.340571029165645,10.69410601815951,8.567293012147239,7.708747133877301,6.851264239668712,10.72734073570552,7.5330570618220865,8.673460378447853,7.077888385042945,7.9063266,7.428307529269938,6.581683811478528,1
GSM2600239,6.588062139361964,8.116473861834356,7.00030432892638,6.369634009871167,9.139697141509204,8.968755704533743,7.843122113036809,7.996941059165644,8.454463194736196,10.57946272,8.997984193239263,7.499264103981595,7.307786638539877,10.860382590613495,6.970185603263803,8.41575001820859,7.604257983723927,7.767718593650306,6.673710148920246,6.622106085631901,1
GSM2600240,6.209153848509202,8.000218791957055,6.558487942245399,6.218359462496933,9.107961028435582,9.047450326141105,7.668713981858896,7.939478262134969,8.577072434546013,10.609817772331288,8.402555174466258,7.206143453533743,7.07019483906135,10.699081801963189,6.959576212730061,8.204765073208588,7.759263745116565,7.309696768932515,6.55475223795092,6.126597684496932,1
GSM2600241,6.029772660865031,7.843122113036809,6.909509765018405,6.200376641791411,9.070229881595091,8.707917661625766,7.753649070601226,7.589539415122699,8.098726357515337,10.737632543496932,8.543218888098158,7.254263882656442,6.527500426331288,10.559518044233128,7.258182222668712,8.32128972807362,7.5399417791227,7.759263745116565,6.612663684441718,6.875221583828221,1
GSM2600242,6.3453782920920245,8.024402889411043,7.724569544846625,6.444936583932516,9.205607435736196,9.090980852453988,7.751679145245399,8.126384913104296,8.246849605361964,10.926992146809816,8.71232676207362,7.614478406644173,7.06313355115951,11.064932550429448,6.76693444308589,8.53970748011043,7.777644318,7.861549010079754,6.263323083539878,6.25372876118405,1
GSM2600243,6.659744567914109,8.265276037233129,7.175214200920245,7.177864285871166,9.494527023423313,9.089089042779142,7.857603240791411,8.145147713932515,8.261242704576688,10.866569776993863,8.420181316141104,7.465023034496932,6.942908896214725,10.941576930245398,7.007777266932515,8.478026167331288,7.664112430699387,7.765731387570552,6.367747984889571,6.292766526883436,1
GSM2600244,6.497112164687116,8.08804596185276,7.252774697484663,6.4317843096196325,9.806871746190184,9.170795633226994,7.7831970386625775,8.669635979276073,9.08510453585276,11.12862447368098,8.71232676207362,7.583883329024539,7.601144372220859,11.26965454595092,7.142709525815951,8.676288662337424,7.857603240791411,7.9378037650858895,6.72789539509816,6.077288077993865,1
GSM2600245,7.868112088460123,9.371921504423312,9.83287493738037,8.729791501429448,8.780008089779141,9.156778071595092,8.615347908742333,7.736744509447853,9.41198692622086,11.004730279447854,9.079669353441718,8.533510303736197,6.954414376503068,10.319242471595093,8.042255465453987,8.8463884568773,6.3027808423006135,8.360459783852761,7.994419593601227,6.161731243582822,1
GSM2600246,6.704356748570553,8.301304132496933,7.688182937251534,6.047455929938651,9.384813287018403,9.060726089325152,7.877841912128835,7.85364394897546,8.421253545638036,10.268242793067484,8.677819712521472,7.395765416625768,7.062704918368099,11.088211704355828,7.143549171061349,8.488810704662576,7.36211204603681,7.954669394472392,6.89663489398773,6.896251991404908,1
GSM2600247,6.584285982865031,8.382963957668712,7.225174770680982,6.001741469478528,9.515506999920246,9.267495825895706,7.69598638892638,8.188542992503068,8.677819712521472,10.530845125582823,8.976990752141104,7.456927106595093,7.311123114766871,11.19494410601227,7.012641251460123,8.531226772944784,7.6392960278282205,7.818751652748466,6.876068688319018,6.377438011404908,1
GSM2600248,6.781900741754601,8.263230704809816,7.332905522355829,5.9563656902453985,9.212063319773009,8.750644851883436,7.663514448546012,7.399274716601227,8.146303699202454,10.422115294969323,8.540914744288344,7.200250861110429,6.874528663570551,10.672053880797549,6.934780460527607,8.323330947546012,7.33539179717178,7.687548997607362,6.6987105760061345,6.141868840846626,1
GSM2600249,6.4021825656257665,8.004224289668711,6.963174939969325,6.055613933263803,9.058731908042946,8.71232676207362,7.518644003957055,7.533682485601227,8.318875458042946,10.61508002803681,8.831790053999999,7.208589083503068,6.847168402220859,10.926992146809816,7.18028836504908,8.208382341711657,7.728116616509203,7.837279263546012,6.573322942269939,6.787117905417178,1
GSM2600250,6.183366822552147,8.456732796822086,8.123850908588958,5.912589262754602,9.66224472114724,9.465784710208588,8.743061234398773,9.515506999920246,8.81336772704908,11.136353579815951,9.424919143932517,8.497872731288345,8.158499005411043,11.689982764969326,7.291460803797546,8.894740345398773,8.065269186754602,8.620289738239265,7.176927270631903,6.254578854429448,1
GSM2600251,6.365235824122699,8.361435990374233,7.389347718220859,6.162866233760736,9.197131542226996,8.97883524201227,8.453207277361964,7.469493740564418,8.303359051411043,11.19494410601227,8.82728056693865,7.871716169325154,7.267809928251533,11.20349392797546,7.110640937785276,8.641786125208588,8.040420292895705,7.794644543171779,7.013948899171779,6.1573181374907975,1
GSM2600252,5.921543251490797,8.472105840619632,7.750303572453988,5.821025345822085,9.371921504423312,9.087236599036808,8.648132231251534,7.709433378042944,8.536124993877301,11.144666538711656,9.282558731226992,7.880263879141104,7.353340181625766,11.30539819595092,7.291014125202454,8.653264298760735,8.084377096957056,8.32977772782822,7.072373531754602,6.120480413644172,1
GSM2600253,6.237356216840491,8.62272554106135,7.0222198582515345,5.133548397478528,9.107961028435582,8.957204665484664,8.449855299190185,6.957144019687116,8.424702721300614,10.78761674042945,9.329477216496931,7.971665797085889,7.499264103981595,11.352938452085889,7.221869124907976,8.581986382423313,7.926718818588957,8.459016006190184,7.379106523509203,6.319891450398773,1
GSM2600254,5.973995427147239,8.628024210300614,7.205171162067485,5.223965218398773,8.78907725198773,8.931602815190184,8.346585812343557,7.213613570901841,8.007446930361963,10.97607107417178,8.680504440631902,7.601806512576687,7.328638501331288,11.211622677484662,7.1404482691226985,8.4475810367546,7.844663881306748,7.912732886907976,7.218231749018405,6.038939932306748,1
GSM2600255,6.280231138006135,8.14419434982822,7.30873443209816,5.778948197355828,8.884907802754602,8.57589508096319,8.168879551233129,7.083190376907975,8.110209473404907,10.891742914723926,8.96042806103681,7.76289885206135,6.929418446386503,11.113455075214723,7.161223122815952,8.266304516558282,8.154659669858896,7.955423949226995,7.049036796098159,6.316629117815951,1
GSM2600256,5.9754205346871165,8.370843283361964,7.064556935404908,5.584373311374232,8.388107424226995,8.702586473509204,8.297116989619632,6.584285982865031,7.98606879022086,10.96929357239264,8.677819712521472,7.504084908276074,6.741891380693252,11.136353579815951,6.982125793509202,8.419125282907975,7.838889334496932,7.646592005938651,6.957144019687116,6.112367379680982,1
GSM2600257,5.928658943901841,8.324458707693251,7.059369535325153,5.023698138564417,8.111000562460124,8.523874023975461,8.310567657239265,6.805317459576687,7.770663612656441,10.609817772331288,8.676288662337424,7.400343688453987,6.262365297312884,10.743186450490796,7.206143453533743,8.131941987006135,7.328638501331288,7.713468869024539,7.124282884257668,6.634571383122699,1
GSM2600258,6.195542097404908,8.661408389417177,8.350896635453989,6.257290849429448,9.203219736312883,9.16696626385276,8.769599867190184,7.887070886981595,8.692612419276074,11.344827430981594,9.03270595819632,8.050687059957054,7.50361325596319,11.56849779822086,7.491425683687116,8.686082120858895,7.881813372871166,8.302283360932515,7.413140150809816,6.200876711883436,1
GSM2600259,6.359038041012269,8.406027724760735,7.723853299214724,5.840139273638037,9.170795633226994,8.96530446802454,8.452107928141105,7.612781865006135,8.698316575576687,11.12862447368098,8.941872839754602,7.952355895742331,7.686421775269938,11.53958014613497,7.517495983546012,8.507904352484662,8.003299329325152,8.39342546595092,7.138814327196319,6.328944575509203,1
GSM2600260,6.158114068938651,8.676288662337424,7.848350113883435,5.8593870345705525,9.174507631165644,9.197131542226996,8.55519236886503,7.7621636671227,8.674883705214723,11.152013405521473,9.021742791668713,7.996066909141104,7.737406262018405,11.392532073006135,7.349408450766871,8.611718668085889,7.459106849834356,8.264339788067485,7.346791392300614,6.380300965932515,1
GSM2600261,6.245324800693251,8.457944568736195,9.216564165030675,6.499995052552148,10.28176515196319,9.297763192760735,8.606675531699386,9.034469292944786,9.102255639938653,11.286495867607362,9.072050033429448,8.187560934656442,7.84907614709816,11.914184476687115,7.401907974711656,8.902880512374233,8.580643324202454,8.433303562687117,7.098902432883436,6.262675449141104,1
GSM2600262,6.251418465288343,8.262240886374233,8.958803596521472,6.361209461306749,9.558992733251534,8.856376115312884,8.385992045920245,8.246849605361964,8.248880610607362,10.804189130245398,8.883066100570552,7.870272035214724,6.920078340478527,11.261936703006134,7.246242019564418,8.473196303527606,8.170679299760737,8.030115618595092,7.249037084018404,6.486821261300613,1
GSM2600263,6.33135469825767,8.18570556096319,7.878680179257669,5.561041706822086,9.367320396190184,8.919732512631901,8.141392395533742,7.8592455290061345,8.333084869570552,10.83415537392638,8.854649227092025,7.567328842809816,6.88159158386503,11.286495867607362,6.859534274730061,8.32645782203681,8.520196728595092,7.64293301904908,6.73322797706135,6.66947095693865,1
GSM2600264,6.581683811478528,8.427771905846626,8.25596829097546,6.311293921723927,9.349209131006134,9.012350968613497,8.19579133213497,8.204765073208588,8.324458707693251,11.057418511042943,8.819547754361963,7.8592455290061345,6.680682125122699,11.4407721902454,7.061466929079755,8.642995121092024,8.19391877688957,7.956150949662576,6.921168723312884,6.480378267993865,1
GSM2600265,6.896251991404908,8.46744897490184,8.310567657239265,6.707661945245398,9.571267652374232,9.193335468742331,8.388107424226995,8.503009291,8.542140192558282,11.049546435398772,8.81336772704908,8.011875254453988,7.589539415122699,11.315400123680982,7.1546289965337415,8.747498408865031,8.163058562484663,8.320075171484662,7.248065769331289,6.171183369527608,1
GSM2600266,6.790887989723926,7.820926196251534,8.240892159852761,6.203752049165644,9.280319123104295,8.81336772704908,8.050687059957054,8.235155797067485,8.421253545638036,10.872532089570552,8.709429879337423,7.585554548226994,7.0742210945766875,11.295032243128835,7.095778405564417,8.241933145607362,8.320075171484662,7.803533598717792,7.015124257546012,6.911079438128834,1
GSM2600267,6.515156888809816,8.222132878245398,8.000876275742332,5.813190056429447,9.700085284472392,9.150506298533742,7.949218700036809,8.48156914398773,8.479163657699386,11.04224102570552,8.926638176650307,7.727376023987731,7.355302081871165,11.627403848404908,7.123823931368098,8.750644851883436,8.503009291,8.18276722466871,6.8016026714846625,6.237356216840491,1
GSM2600268,6.393930854914111,8.64552310879141,8.994435615196318,6.589999162453988,9.749826773736196,9.135985790907975,8.628024210300614,8.81336772704908,8.460348985257669,11.057418511042943,9.242658271576689,7.985112927030675,7.446320624472392,11.530297674601227,7.395169534791411,8.692612419276074,8.37318102586503,8.202915995957056,7.089289293,6.466771141521473,1
GSM2600269,6.609941449122699,8.531226772944784,8.599916667638038,6.256101577030675,9.788869647092024,9.137743624650309,8.232112316141103,8.592555809644173,8.61912737819632,11.080806734355829,9.419420087104294,8.085240320337423,7.560585772153374,11.700962531042943,7.120288485312884,8.76096772702454,8.692612419276074,8.355205234165645,6.955948486993865,6.4317843096196325,1
GSM2600270,6.477416198190185,8.069696193165644,8.078240021171778,5.8971726654969325,9.435144104312885,8.893056311742331,8.017739740214724,8.30838253984049,8.351898136993865,10.710080594846628,8.999639160171778,7.601806512576687,6.835826389503068,11.228909099079754,7.084977682828222,8.37318102586503,8.523874023975461,7.962752451858896,6.895049591392638,6.522425343846625,1
GSM2600271,6.495533418294479,9.143533762453988,9.768208746460123,8.116473861834356,9.421982583809816,9.813791529533743,8.957204665484664,9.297763192760735,9.127287592472394,11.627403848404908,9.584588367349692,8.74906242438037,7.875733605484664,11.50251433006135,7.736114182631902,9.25610909177914,6.905292052785276,8.14904167396319,7.6073844314417185,6.408938943656441,1
GSM2600272,5.784911321926381,7.795280854190184,7.416723477042945,6.4375697193496935,9.060726089325152,8.408138558177914,7.81222762023313,7.8299189581104285,8.361435990374233,11.026428123006134,8.488810704662576,7.149680283325154,6.201452680674847,10.983228374539877,7.080597060723927,8.28563519898773,8.51155510807362,7.854452489656441,6.703601501938651,6.3466256425460115,1
GSM2600273,6.422171740496933,8.03362682309816,6.975788364214725,6.07004884298773,8.830230766411043,8.142381521576686,7.620973729993865,7.325359362220859,7.48682317293865,10.672053880797549,8.792130928490797,7.001152009852761,6.082795475662577,10.704596706932517,7.035923491404908,8.118357721337423,8.933234555588957,7.846937377570551,6.77367581492638,6.50907469086503,1
GSM2600274,5.954083615883436,7.779764523337423,6.47482205404908,6.029224565337423,8.436677997177915,8.19307882714724,7.555393669638037,7.358953623484663,7.658938780503067,10.731965932208588,8.36680355708589,6.73322797706135,5.840139273638037,10.472993856687117,6.892650124208589,7.882565527374233,8.997984193239263,7.589539415122699,6.5903375665337425,6.446802991613497,1
GSM2600275,6.377725633625767,7.8623379179570545,6.900580947251534,6.18428945490184,8.359302334601226,8.1837627308773,7.638162265883435,7.406393101797546,7.769846379981595,10.822891345644171,8.625354674361963,6.858054754723926,6.21774303604908,10.49208298153374,7.056876591576687,8.027646224969326,8.93818753397546,7.57416683604908,6.643740609453988,6.103249252245399,1
GSM2600276,6.210616777085889,7.381193755828221,6.639084120582822,5.98422625598773,8.562398866042944,8.396818788938651,7.413140150809816,7.787790119595092,7.844663881306748,11.144666538711656,8.459016006190184,6.950340434214724,5.695220175171779,10.810630003006136,6.700796601785275,8.039500496883436,8.880030249435583,7.418835201662577,6.2511216983435585,6.4787586254662575,1
GSM2600277,6.169485714858896,7.887070886981595,6.809851917981595,5.566291843509203,7.942382586527607,7.729985761846626,7.626636320895706,6.903504555527608,7.275202147202453,10.884677610429447,8.475606629736196,6.454525199717791,4.984447330208589,10.217656559631902,6.968974212503067,7.820926196251534,8.505504105079755,7.311123114766871,6.7378586839263805,6.29774892077914,1
GSM2600278,5.8882468949447855,7.986830128380368,6.737540170932515,6.167994176398773,7.494557144000001,7.81222762023313,7.890110553521473,6.80007108503681,7.00159475093865,10.61969187570552,8.085996174220858,6.43475637501227,4.997580894680982,9.902369539460125,6.9943277098773,7.820926196251534,8.220359152337425,7.160829136171779,6.960311154570552,6.648780851245398,1
GSM2600279,6.028065959208589,7.866585381846626,6.440754974901841,5.903816229969325,7.881033601245399,7.988481477754601,7.662213281429448,7.019634161239264,7.553062542085889,10.594366712453988,8.544301897398773,6.628692769392638,5.174183727748466,10.250713335030676,6.963618293343558,8.073063794435583,8.44876376681595,7.369964600092025,6.640148085797547,6.2944127673496935,1
GSM2600280,6.170889498644171,7.782430240104294,6.644075970177915,6.068619953453988,7.44739080317178,7.940240863,7.417703339306748,6.910674891564416,7.40294023411043,10.948282874478528,8.278630974834355,6.514857275404908,5.11331840808589,10.49208298153374,7.007777266932515,7.9063266,8.301304132496933,7.43689048398773,6.728648147306749,6.787117905417178,1
GSM2600281,5.630706129165644,7.311603392944785,6.581683811478528,5.908569835184049,8.382963957668712,7.847575305539877,7.746129385736197,7.21411302996319,7.777644318,10.860382590613495,8.350896635453989,6.7784894502454,5.4046574929631905,10.76851793803681,6.980589477349692,7.924942346546012,8.51780513776687,7.506336546914111,6.617724806920245,6.6383797038773,1
GSM2600282,5.922121747766871,7.493452829214724,6.549412891730062,5.853272161226994,8.131941987006135,7.6713181325030675,7.363629275865031,7.253763215110429,7.637566503226994,10.891742914723926,8.662900432478528,6.509700700417178,5.436145037656441,10.748767235582822,7.000714077527607,7.749675004895705,8.725381802423314,7.483633486699387,6.712436168693252,6.741891380693252,1
GSM2600283,5.683418552276074,7.874112053343558,6.215663949680982,5.715929666797546,8.44111113804908,8.228004230742332,7.35478077079141,6.8067535212453985,7.781050685147239,10.66060352588957,8.408138558177914,6.74656864001227,5.675957075214724,10.43494076404908,6.732871275797546,8.052195296263804,8.973631737024538,7.13737868397546,6.643401573300614,6.331051608423313,1
GSM2600284,5.882398257631902,7.970866083018405,8.150856471484664,6.53692545296319,9.168943668177914,8.86858398109816,7.924246154779141,7.212646924478528,8.264339788067485,10.748767235582822,8.819547754361963,7.300815093779141,6.8012232787300615,11.18542403613497,6.825024654699386,8.34366358034356,8.32645782203681,7.797763823049079,6.401894705564417,6.674779536717791,1
GSM2600285,6.125469063085889,8.283575102214725,8.404910850828221,6.228979421779141,9.154598729251534,8.996163107411043,8.08804596185276,7.042274338110429,8.222132878245398,10.682828187300611,8.71232676207362,7.333878311907975,6.878703430662577,10.990349519263804,6.945389612503067,8.493220014055215,8.251894059674846,7.773282331858895,6.7569505058343555,6.368045369147239,1
GSM2600286,6.393930854914111,8.55519236886503,8.873724505705521,5.979204879717791,9.238116255374234,9.174507631165644,8.446460978742332,7.920378236521472,8.494264359564417,11.064932550429448,8.819547754361963,7.649566909478527,6.664288387865031,11.12862447368098,7.479884461822086,8.929987923650307,8.10848676591411,8.012771433263804,7.255269661257668,5.958046239122699,1
GSM2600287,5.6573207294969325,8.016996307092024,8.109259118380368,5.818036751803681,9.275710865190185,9.195304338773006,7.8623379179570545,6.976956803883436,8.233122135981596,10.854052594907976,8.830230766411043,7.399274716601227,6.495533418294479,11.18542403613497,6.646140207822086,8.432118761423313,8.427771905846626,7.759263745116565,6.646492787141105,6.432781652877301,1
GSM2600288,6.24263688197546,8.456732796822086,7.974026280337424,7.333374834944785,9.626651037104294,9.238116255374234,8.11195547619632,7.843122113036809,8.626600051527609,11.113455075214723,8.943729865754602,7.825456692619633,7.079209456546012,11.4750613697546,7.080597060723927,8.74906242438037,8.18570556096319,8.072251470993866,6.834310750067485,6.454525199717791,1
GSM2600289,7.477813338515337,9.297763192760735,9.679559842380367,8.994435615196318,9.133832240184049,9.89825403129448,9.163161537288342,8.971730851852762,9.37692236559509,11.315400123680982,9.26969344403681,8.592555809644173,6.825744132546013,10.82857865631902,7.897542225944785,8.902880512374233,6.466446636638036,8.336394811128834,7.77547769395092,6.20792395682822,1
GSM2600290,6.372172240803681,8.653264298760735,7.686421775269938,6.721836557625767,9.246956254276071,9.36194910803681,8.10155430520859,7.142267518245399,8.344663997478527,10.337116917423312,8.898155189429447,7.572279782631901,6.680265168889571,11.026428123006134,7.264946479257669,8.404910850828221,7.785214193423313,7.885391786662577,6.7992708223926375,6.483550675208589,1
GSM2600291,6.121945129858895,8.58337747139264,7.484143943496933,6.647154152214725,8.936503149251534,9.336663533349691,7.887070886981595,7.172124506687117,8.221179732355829,10.540664508588955,9.094717435687118,7.566024032306748,6.822806058134969,11.12862447368098,7.100253256386503,8.515299893423313,7.947706320576687,7.753649070601226,6.775196142398773,6.609941449122699,1
GSM2600292,6.076459759429448,8.297116989619632,7.655689423969324,6.909885487723926,9.50631402818405,9.193335468742331,7.960291423386503,7.564848742975459,8.128242890079754,10.77428174392638,8.66688903025767,7.513767242055215,6.701770498177915,11.169513596932514,7.126653445711656,8.683271723226994,7.6073844314417185,7.770663612656441,6.792394935282209,6.4539062303435575,1
GSM2600293,6.034820288055215,8.137442647834357,8.18570556096319,7.0305743221901835,9.371921504423312,8.945342095116565,8.052195296263804,7.349915545588956,8.713574589822086,10.737632543496932,8.862437697533743,7.460125229791411,6.877972293527608,10.926992146809816,7.339318534773007,8.426739917527607,8.173368206613496,7.956150949662576,6.90230567303681,6.850167922969325,1
GSM2600294,5.947126375981595,8.105802158453988,7.25912035277914,6.219937014981595,8.723708966662576,8.602672626797546,7.865060706828221,6.7488938098527615,7.780455988754602,10.385116927668712,8.606675531699386,7.1466884907116555,6.415535824484663,10.583923484785275,7.023419957478528,8.258040054539878,8.120143009472391,7.614478406644173,6.687378151147239,6.648780851245398,1
GSM2600295,6.039196503601227,8.380669078822086,8.546353290411043,6.877187762736196,9.392701403380368,9.271484318319018,8.25288738023313,7.489674384184049,8.49099495802454,11.121469725460123,8.744528648552148,7.639914583128835,6.8907489866380365,11.169513596932514,7.240710061723925,8.78281761928221,7.821692666656442,8.01019865897546,6.847168402220859,6.6751201664171775,1
GSM2600296,6.515156888809816,8.488810704662576,8.486558531619632,5.666994951018405,9.963139895834356,9.437664548687115,8.243832272883436,8.479163657699386,8.692612419276074,11.344827430981594,8.825801937503067,8.098726357515337,7.536613693024539,11.627403848404908,7.227150052447852,9.223294110214724,8.137442647834357,8.335340327521472,7.123823931368098,6.574350642276073,1
GSM2600297,5.668856991650307,7.924246154779141,8.520196728595092,6.148515850822086,9.271484318319018,8.921175413429447,7.958703539300614,7.201076782558283,8.636815107503068,10.50134320030675,8.87215292186503,7.4013858494049085,6.478126824251533,10.983228374539877,6.869417835797546,8.160316275288343,8.43900156690184,7.852127268312884,6.449000418349693,6.5591464260061345,1
GSM2600298,6.529789433331288,8.316876711662577,7.581499605656441,5.191088795490797,9.525544782785277,9.209946874214724,7.880263879141104,7.763625892613496,8.32645782203681,10.748767235582822,8.672246863,7.677994518208589,7.033864519631902,11.295032243128835,7.175994803883436,8.831790053999999,8.32128972807362,8.111000562460124,6.955190434386503,6.571272273687117,1
GSM2600299,6.20792395682822,8.406027724760735,7.946195159944786,4.4890973100552145,9.421982583809816,9.12545136071779,7.9063266,7.372452540380368,7.80576406496319,10.37105588803681,8.83990169919632,7.403451204552147,6.653095545957055,11.295032243128835,7.092709385803681,8.950811861423313,7.874112053343558,7.980936883539877,7.221372169092025,6.599838525159509,1
GSM2600300,6.9167803290061345,8.551411313361964,8.273477438165644,5.753385804760736,9.982589800693251,9.620232641993864,8.213708224036811,8.037950824797546,8.867193565098159,11.334592724355828,9.129415648822086,8.021918267484661,7.685800184380368,11.898590271840492,7.297060000447853,9.275710865190185,8.112878945079755,8.504230923429448,6.892243604693252,5.942061039441717,1
GSM2600301,6.298947848858896,8.40145516408589,7.87650678104908,5.353242699282209,9.218628559871163,9.27363688007362,8.20379237802454,8.84965058114724,8.232112316141103,10.715509353251534,8.735940024981595,7.457460572380368,6.856236034288344,11.41298271582822,7.07829217293865,8.833405114325153,8.015340721846625,7.974766425202453,6.826086729263804,6.033716476644172,1
GSM2600302,6.477052819220859,8.054764559558281,7.629535308981595,5.030327948760736,9.205607435736196,8.878464107220859,7.786472157184049,7.369427511558282,7.996066909141104,10.398621946871163,8.700980034251534,7.463397703380368,6.552658209269938,10.990349519263804,6.941715761122699,8.664293006693251,8.278630974834355,7.815703046067485,6.882746821159508,6.238779182576687,1
GSM2600303,6.45515943788957,8.559939232134969,8.171541383809815,5.315061807055215,9.406323770404908,9.109789204932516,8.240892159852761,8.092519682214723,8.301304132496933,10.487289611411043,8.878464107220859,7.918953528306749,6.83668235001227,11.50251433006135,7.2765486329447855,8.896513363613497,8.069696193165644,7.965265146202453,7.250493077202454,6.462433324975461,1
GSM2600304,6.012156919478527,8.249815026638037,7.184107005822085,4.844934756294478,8.713574589822086,8.577072434546013,7.701292359680982,7.221869124907976,7.673140602398773,10.389498758773009,8.625354674361963,7.299887517975459,6.418055983098159,11.19494410601227,6.694381045546012,8.336394811128834,8.371904587447853,7.692598277932515,6.565496805773005,6.117009945613496,1
GSM2600305,6.628692769392638,8.48036646069325,7.249037084018404,5.5502132608466255,8.811867047662577,9.16696626385276,8.199757510858896,7.8403061466441715,7.946195159944786,10.379955157914113,8.545284534337423,7.465620019705521,6.476052926177914,10.956005198957056,6.968191022668712,8.596271741576688,8.334145817055214,7.638729579349694,7.028860331147239,5.892658671981595,1
GSM2600306,6.357872583650307,8.126384913104296,6.895828931171779,5.247380240871165,9.174507631165644,8.982176322834356,7.6412087671349695,7.673140602398773,8.165057879533743,10.496792272883434,8.884907802754602,7.660223504957056,6.789040751644172,11.246707488588957,7.148772399429447,8.57226677993865,8.325458450380369,7.7293912135153375,6.955190434386503,6.376794545190184,1
GSM2600307,7.032245119404909,7.82922776777914,6.907188943018405,4.975992705006135,7.9515937678282205,7.946195159944786,7.576551317588957,6.858461063141104,7.345703177558281,10.449685440552148,8.288655400319017,6.626894190392638,5.181334956625767,9.97454007614724,6.6751201664171775,7.571188924411043,8.202915995957056,6.917884241380368,6.413624953834356,6.599496806785275,1
GSM2600308,6.776249025460123,7.731998098687116,7.425212527319018,5.16704587996319,9.077771116453988,8.24487257406135,7.732678671,7.683873093858895,8.360459783852761,10.496792272883434,8.682025392319018,6.955948486993865,6.365551261196319,10.604674087055216,7.008190084539876,8.139492427466259,8.624068516386503,7.541133169944786,6.4938897707116565,6.265112477294479,1
GSM2600309,7.027646575638037,7.874946337294478,7.169691327865031,5.0001530842576685,8.98577969114724,7.943926873865031,7.603549468085889,6.822034348987731,8.362497178736197,10.62434906981595,8.740017209846627,7.00030432892638,6.437906070190184,10.44468385208589,6.876790830717792,7.693884240165644,8.060080439533742,7.25912035277914,6.567796746558281,6.719980085601227,1
GSM2600310,6.690836971619632,7.7115277619325155,7.694596662435584,5.469248396730062,9.451196754325151,8.747498408865031,7.754365176380368,7.804323188055214,8.729791501429448,10.941576930245398,8.39342546595092,7.177375304233128,6.987805733631902,10.96929357239264,7.089760993932516,8.237141355595092,8.452107928141105,7.702610111662577,6.830358971846626,6.4375697193496935,1
GSM2600311,6.873472444644171,7.827804305214723,7.617353208834356,5.379075020705521,9.432621666907975,8.611718668085889,7.502388892914111,7.746129385736197,8.693886213723927,10.804189130245398,8.824364057496933,7.149195997073619,7.05642486619632,11.04224102570552,7.1302051331717795,8.270565976128834,8.280596943429448,7.628827794079754,6.549102815914111,6.288511825552146,1
GSM2600312,6.853496883552147,7.76289885206135,6.812060686300614,5.016783133460122,8.120143009472391,8.072251470993866,7.721724275386504,6.935577123840491,7.494557144000001,10.650683850920244,8.320075171484662,6.569191006496932,5.477597547190184,9.943268102184048,6.968974212503067,7.857603240791411,7.972398692766872,7.022603614680982,6.622456367079754,6.383696316944785,1
GSM2600313,6.803108425883436,7.934748473269939,7.657039060687117,5.708560950288343,8.996163107411043,8.274482787748466,7.622841210717791,7.491425683687116,8.191184101055216,10.61969187570552,8.792130928490797,7.008997992006134,6.105603341006135,10.69410601815951,7.32775034713497,8.241933145607362,8.213708224036811,7.626636320895706,6.636948114914111,6.659744567914109,1
GSM2600314,6.300477998883435,7.959553840325153,7.510558578319019,5.454079089110429,9.16517007407362,8.614118721392638,7.810680144429448,7.410622829374233,8.71497175401227,10.926992146809816,8.625354674361963,7.163384068349693,6.823198725411042,10.956005198957056,7.370486827766871,8.242992434368098,8.112878945079755,7.846172261282209,6.840894614423313,6.624578949,1
GSM2600315,7.220034793447852,8.719367692601226,9.565067200374234,7.143996501987731,9.246956254276071,9.454206692202456,8.80712716801227,8.662900432478528,9.534104852398771,11.484698372453988,8.857941068932515,8.427771905846626,6.435096119343559,10.666423854723924,7.867335612662576,8.48036646069325,6.880393369453988,7.434767371306749,7.201076782558283,6.3396400157668715,1
GSM2600316,6.7710249575521475,7.956150949662576,7.429417733509203,5.150634121435583,9.251755091748468,8.429922393631902,7.980206501349694,7.320517741723926,8.214686043711657,10.57946272,8.593846758785276,7.006909513018405,6.557839641165644,10.672053880797549,7.34736988582822,8.059260071570552,8.022808216177914,7.710167859472393,6.9547862551963195,6.5591464260061345,1
GSM2600317,6.969809543785276,8.055600422944785,7.452769875711657,4.893319102644171,8.778408452349694,8.322338388490799,7.659569117153374,7.329118211981595,8.058386861717791,10.743186450490796,8.475606629736196,7.0439406557607365,6.5510088996993865,10.822891345644171,7.018771370533742,8.034463562104294,8.251894059674846,7.549008433447852,6.478434120067485,6.338137595202454,1
