source,native,name,p_value,significant,description,term_size,query_size,intersection_size,effective_domain_size,precision,recall,query,parents
MIRNA,MIRNA:hsa-mir-340,hsa-mir-340,4.207878336925916e-06,True,hsa-mir-340,1584,127,35,16638,0.2755905511811024,0.022095959595959596,query_1,['MIRNA:000000']
MIRNA,MIRNA:hsa-mir-410,hsa-mir-410,2.3756642757531743e-05,True,hsa-mir-410,1141,127,28,16638,0.2204724409448819,0.024539877300613498,query_1,['MIRNA:000000']
MIRNA,MIRNA:hsa-mir-548ae,hsa-mir-548ae,3.9537554141121354e-05,True,hsa-mir-548ae,1814,127,36,16638,0.28346456692913385,0.019845644983461964,query_1,['MIRNA:000000']
MIRNA,MIRNA:hsa-mir-548am,hsa-mir-548am,3.9537554141121354e-05,True,hsa-mir-548am,1814,127,36,16638,0.28346456692913385,0.019845644983461964,query_1,['MIRNA:000000']
MIRNA,MIRNA:hsa-mir-548aj,hsa-mir-548aj,3.9537554141121354e-05,True,hsa-mir-548aj,1814,127,36,16638,0.28346456692913385,0.019845644983461964,query_1,['MIRNA:000000']
MIRNA,MIRNA:hsa-mir-548x,hsa-mir-548x,3.9537554141121354e-05,True,hsa-mir-548x,1814,127,36,16638,0.28346456692913385,0.019845644983461964,query_1,['MIRNA:000000']
MIRNA,MIRNA:hsa-mir-338-5p,hsa-mir-338-5p,6.188309643775251e-05,True,hsa-mir-338-5p,1349,127,30,16638,0.23622047244094488,0.02223869532987398,query_1,['MIRNA:000000']
MIRNA,MIRNA:hsa-mir-590-3p,hsa-mir-590-3p,7.855564465180792e-05,True,hsa-mir-590-3p,2884,127,47,16638,0.3700787401574803,0.016296809986130374,query_1,['MIRNA:000000']
MIRNA,MIRNA:hsa-mir-4477a,hsa-mir-4477a,0.0001642099957683374,True,hsa-mir-4477a,1330,127,29,16638,0.2283464566929134,0.02180451127819549,query_1,['MIRNA:000000']
TF,TF:M00102,Factor: CDP; motif: NWNATCGATTANYNN,0.00017796757494605624,True,Factor: CDP; motif: NWNATCGATTANYNN,4151,134,55,20092,0.41044776119402987,0.013249819320645628,query_1,['TF:M00000']
MIRNA,MIRNA:hsa-mir-944,hsa-mir-944,0.00033565271750934017,True,hsa-mir-944,1376,127,29,16638,0.2283464566929134,0.021075581395348836,query_1,['MIRNA:000000']
TF,TF:M01230,Factor: ZNF333; motif: ATAAT,0.0003411793478003744,True,Factor: ZNF333; motif: ATAAT,15740,134,127,20092,0.9477611940298507,0.00806861499364676,query_1,['TF:M00000']
HPA,HPA:0350472,Pancreas; exocrine glandular cells[≥Medium],0.00038140135905083,True,Pancreas; exocrine glandular cells[≥Medium],5296,89,65,10995,0.7303370786516854,0.012273413897280967,query_1,['HPA:0350471']
MIRNA,MIRNA:hsa-mir-4666-3p,hsa-mir-4666-3p,0.000641312858043151,True,hsa-mir-4666-3p,1503,127,30,16638,0.23622047244094488,0.01996007984031936,query_1,['MIRNA:000000']
MIRNA,MIRNA:hsa-mir-323-3p,hsa-mir-323-3p,0.0006861284431133382,True,hsa-mir-323-3p,1104,127,25,16638,0.1968503937007874,0.022644927536231884,query_1,['MIRNA:000000']
MIRNA,MIRNA:hsa-mir-302f,hsa-mir-302f,0.0007750649668477292,True,hsa-mir-302f,886,127,22,16638,0.1732283464566929,0.024830699774266364,query_1,['MIRNA:000000']
MIRNA,MIRNA:hsa-mir-1305,hsa-mir-1305,0.0011114610888961303,True,hsa-mir-1305,1804,127,33,16638,0.25984251968503935,0.018292682926829267,query_1,['MIRNA:000000']
MIRNA,MIRNA:hsa-mir-4307,hsa-mir-4307,0.001173933878551276,True,hsa-mir-4307,1547,127,30,16638,0.23622047244094488,0.019392372333548805,query_1,['MIRNA:000000']
TF,TF:M10887,Factor: PRX-2; motif: NNCRTTAN,0.0014289815611426028,True,Factor: PRX-2; motif: NNCRTTAN,8756,134,87,20092,0.6492537313432836,0.009936043855641846,query_1,['TF:M00000']
TF,TF:M11950,Factor: Pit-1; motif: NTAATGAKATGCRN,0.002017658093911036,True,Factor: Pit-1; motif: NTAATGAKATGCRN,6118,134,68,20092,0.5074626865671642,0.011114743380189604,query_1,['TF:M00000']
MIRNA,MIRNA:hsa-mir-548t,hsa-mir-548t,0.002292290178031073,True,hsa-mir-548t,1598,127,30,16638,0.23622047244094488,0.01877346683354193,query_1,['MIRNA:000000']
MIRNA,MIRNA:hsa-mir-513a-3p,hsa-mir-513a-3p,0.0024028093281055693,True,hsa-mir-513a-3p,1778,127,32,16638,0.25196850393700787,0.01799775028121485,query_1,['MIRNA:000000']
MIRNA,MIRNA:hsa-mir-2054,hsa-mir-2054,0.0025710464536437606,True,hsa-mir-2054,878,127,21,16638,0.16535433070866143,0.023917995444191344,query_1,['MIRNA:000000']
MIRNA,MIRNA:hsa-mir-548p,hsa-mir-548p,0.002676794129526735,True,hsa-mir-548p,1698,127,31,16638,0.2440944881889764,0.018256772673733806,query_1,['MIRNA:000000']
HPA,HPA:0270362,Kidney; cells in tubules[≥Medium],0.002761117366626753,True,Kidney; cells in tubules[≥Medium],5814,89,67,10995,0.7528089887640449,0.01152390780873753,query_1,['HPA:0270361']
MIRNA,MIRNA:hsa-mir-142-5p,hsa-mir-142-5p,0.0033296985821202763,True,hsa-mir-142-5p,1370,127,27,16638,0.2125984251968504,0.01970802919708029,query_1,['MIRNA:000000']
MIRNA,MIRNA:hsa-mir-548f,hsa-mir-548f,0.003857683899178832,True,hsa-mir-548f,1552,127,29,16638,0.2283464566929134,0.018685567010309278,query_1,['MIRNA:000000']
MIRNA,MIRNA:hsa-mir-548e,hsa-mir-548e,0.003857683899178832,True,hsa-mir-548e,1552,127,29,16638,0.2283464566929134,0.018685567010309278,query_1,['MIRNA:000000']
MIRNA,MIRNA:hsa-mir-381,hsa-mir-381,0.003919602617094108,True,hsa-mir-381,1382,127,27,16638,0.2125984251968504,0.019536903039073805,query_1,['MIRNA:000000']
TF,TF:M00772,Factor: IRF; motif: RRAANTGAAASYGNV,0.004047781146821401,True,Factor: IRF; motif: RRAANTGAAASYGNV,1037,134,22,20092,0.16417910447761194,0.021215043394406944,query_1,['TF:M00000']
TF,TF:M02074,Factor: GABPalpha; motif: RCCGGAWRYN,0.005213947563064943,True,Factor: GABPalpha; motif: RCCGGAWRYN,4707,134,56,20092,0.417910447761194,0.011897174421074994,query_1,['TF:M00000']
MIRNA,MIRNA:hsa-mir-3658,hsa-mir-3658,0.005551411811910062,True,hsa-mir-3658,1494,127,28,16638,0.2204724409448819,0.018741633199464525,query_1,['MIRNA:000000']
MIRNA,MIRNA:hsa-mir-607,hsa-mir-607,0.005955945946191271,True,hsa-mir-607,2230,127,36,16638,0.28346456692913385,0.016143497757847534,query_1,['MIRNA:000000']
MIRNA,MIRNA:hsa-mir-361-5p,hsa-mir-361-5p,0.006703232400839331,True,hsa-mir-361-5p,934,127,21,16638,0.16535433070866143,0.022483940042826552,query_1,['MIRNA:000000']
TF,TF:M10147,Factor: ZNF394; motif: NRARWRGAANNNAMWGNAAK,0.00808436254334218,True,Factor: ZNF394; motif: NRARWRGAANNNAMWGNAAK,5669,134,63,20092,0.4701492537313433,0.011113071088375375,query_1,['TF:M00000']
MIRNA,MIRNA:hsa-mir-371-5p,hsa-mir-371-5p,0.010024614860497263,True,hsa-mir-371-5p,1811,127,31,16638,0.2440944881889764,0.017117614577581448,query_1,['MIRNA:000000']
MIRNA,MIRNA:hsa-mir-548a-3p,hsa-mir-548a-3p,0.010474390224036581,True,hsa-mir-548a-3p,1634,127,29,16638,0.2283464566929134,0.017747858017135864,query_1,['MIRNA:000000']
MIRNA,MIRNA:hsa-mir-3671,hsa-mir-3671,0.01097526977730092,True,hsa-mir-3671,1638,127,29,16638,0.2283464566929134,0.017704517704517704,query_1,['MIRNA:000000']
MIRNA,MIRNA:hsa-mir-550b,hsa-mir-550b,0.011371286018593168,True,hsa-mir-550b,531,127,15,16638,0.11811023622047244,0.02824858757062147,query_1,['MIRNA:000000']
MIRNA,MIRNA:hsa-mir-664,hsa-mir-664,0.01264804529054803,True,hsa-mir-664,1301,127,25,16638,0.1968503937007874,0.01921598770176787,query_1,['MIRNA:000000']
MIRNA,MIRNA:hsa-mir-4775,hsa-mir-4775,0.013098970579620816,True,hsa-mir-4775,2706,127,40,16638,0.31496062992125984,0.014781966001478197,query_1,['MIRNA:000000']
TF,TF:M00260,Factor: HLF; motif: GTTACRYAAT,0.013115398851954832,True,Factor: HLF; motif: GTTACRYAAT,2820,134,39,20092,0.291044776119403,0.013829787234042552,query_1,['TF:M00000']
MIRNA,MIRNA:hsa-mir-561,hsa-mir-561,0.013596476317388768,True,hsa-mir-561,1479,127,27,16638,0.2125984251968504,0.018255578093306288,query_1,['MIRNA:000000']
MIRNA,MIRNA:hsa-mir-656,hsa-mir-656,0.014469108806680132,True,hsa-mir-656,1144,127,23,16638,0.18110236220472442,0.020104895104895104,query_1,['MIRNA:000000']
MIRNA,MIRNA:hsa-mir-4659a-3p,hsa-mir-4659a-3p,0.01597982325499289,True,hsa-mir-4659a-3p,1947,127,32,16638,0.25196850393700787,0.016435541859270673,query_1,['MIRNA:000000']
MIRNA,MIRNA:hsa-mir-4659b-3p,hsa-mir-4659b-3p,0.01597982325499289,True,hsa-mir-4659b-3p,1947,127,32,16638,0.25196850393700787,0.016435541859270673,query_1,['MIRNA:000000']
MIRNA,MIRNA:hsa-mir-548n,hsa-mir-548n,0.018273857406224885,True,hsa-mir-548n,1774,127,30,16638,0.23622047244094488,0.016910935738444193,query_1,['MIRNA:000000']
HPA,HPA:0350471,Pancreas; exocrine glandular cells[≥Low],0.018633075534446184,True,Pancreas; exocrine glandular cells[≥Low],6929,89,73,10995,0.8202247191011236,0.010535430798094964,query_1,['HPA:0350000']
MIRNA,MIRNA:hsa-mir-4422,hsa-mir-4422,0.0187994619494167,True,hsa-mir-4422,1506,127,27,16638,0.2125984251968504,0.017928286852589643,query_1,['MIRNA:000000']
MIRNA,MIRNA:hsa-mir-4495,hsa-mir-4495,0.019900286523269178,True,hsa-mir-4495,1251,127,24,16638,0.1889763779527559,0.019184652278177457,query_1,['MIRNA:000000']
MIRNA,MIRNA:hsa-mir-300,hsa-mir-300,0.02041451715986922,True,hsa-mir-300,1425,127,26,16638,0.2047244094488189,0.018245614035087718,query_1,['MIRNA:000000']
TF,TF:M00095,Factor: CDP; motif: CCAATAATCGAT,0.02191132374279253,True,Factor: CDP; motif: CCAATAATCGAT,8641,134,83,20092,0.6194029850746269,0.009605369748871658,query_1,['TF:M00000']
MIRNA,MIRNA:hsa-mir-802,hsa-mir-802,0.02816820879035196,True,hsa-mir-802,869,127,19,16638,0.14960629921259844,0.02186421173762946,query_1,['MIRNA:000000']
TF,TF:M10690_1,Factor: HOXA7; motif: GYMATTAN; match class: 1,0.029796404390061076,True,Factor: HOXA7; motif: GYMATTAN; match class: 1,6148,134,65,20092,0.48507462686567165,0.010572543916720885,query_1,['TF:M10690']
HPA,HPA:0270361,Kidney; cells in tubules[≥Low],0.03156364879023101,True,Kidney; cells in tubules[≥Low],7007,89,73,10995,0.8202247191011236,0.010418153275296133,query_1,['HPA:0270000']
MIRNA,MIRNA:hsa-mir-4789-3p,hsa-mir-4789-3p,0.03472774145013044,True,hsa-mir-4789-3p,1650,127,28,16638,0.2204724409448819,0.01696969696969697,query_1,['MIRNA:000000']
TF,TF:M04450,Factor: VSX1; motif: NGCYAATTRNN,0.03556012576340912,True,Factor: VSX1; motif: NGCYAATTRNN,7142,134,72,20092,0.5373134328358209,0.01008120974516942,query_1,['TF:M00000']
MIRNA,MIRNA:hsa-mir-524-5p,hsa-mir-524-5p,0.03637382252326781,True,hsa-mir-524-5p,2125,127,33,16638,0.25984251968503935,0.015529411764705882,query_1,['MIRNA:000000']
MIRNA,MIRNA:hsa-mir-520d-5p,hsa-mir-520d-5p,0.03672049366690157,True,hsa-mir-520d-5p,2126,127,33,16638,0.25984251968503935,0.015522107243650047,query_1,['MIRNA:000000']
MIRNA,MIRNA:hsa-mir-380,hsa-mir-380,0.03721717236916712,True,hsa-mir-380,887,127,19,16638,0.14960629921259844,0.02142051860202931,query_1,['MIRNA:000000']
HPA,HPA:0300411,Lung; macrophages[≥Low],0.044038327040989804,True,Lung; macrophages[≥Low],6768,89,71,10995,0.797752808988764,0.010490543735224586,query_1,['HPA:0300000']
MIRNA,MIRNA:hsa-mir-3163,hsa-mir-3163,0.04846346948860166,True,hsa-mir-3163,2553,127,37,16638,0.29133858267716534,0.014492753623188406,query_1,['MIRNA:000000']
TF,TF:M02025,Factor: MEF-2C; motif: TATTTWT,0.04988326898086206,True,Factor: MEF-2C; motif: TATTTWT,12998,134,109,20092,0.8134328358208955,0.008385905523926759,query_1,['TF:M00000']
