probe_id,gene_name,hgnc_symbol,correlation,p_value,abs_corr,gene_assignment
7961102,NM_001099431,CLEC1B,0.6130544660513774,3.3697207256790282e-18,0.6130544660513774,"NM_001099431 // CLEC1B // C-type lectin domain family 1, member B // 12p13.2 // 51266 /// NM_016509 // CLEC1B // C-type lectin domain family 1, member B // 12p13.2 // 51266 /// ENST00000298527 // CLEC1B // C-type lectin domain family 1, member B // 12p13.2 // 51266 /// ENST00000348658 // CLEC1B // C-type lectin domain family 1, member B // 12p13.2 // 51266 /// ENST00000428126 // CLEC1B // C-type lectin domain family 1, member B // 12p13.2 // 51266 /// AF124841 // CLEC1B // C-type lectin domain family 1, member B // 12p13.2 // 51266 /// AY358599 // CLEC1B // C-type lectin domain family 1, member B // 12p13.2 // 51266 /// BC029554 // CLEC1B // C-type lectin domain family 1, member B // 12p13.2 // 51266 /// BX647321 // CLEC1B // C-type lectin domain family 1, member B // 12p13.2 // 51266"
7958000,NM_020244,CHPT1,0.5716584778146807,1.5897590800123468e-15,0.5716584778146807,NM_020244 // CHPT1 // choline phosphotransferase 1 // 12q // 56994 /// XM_005269036 // CHPT1 // choline phosphotransferase 1 // 12q // 56994 /// ENST00000229266 // CHPT1 // choline phosphotransferase 1 // 12q // 56994 /// ENST00000546490 // CHPT1 // choline phosphotransferase 1 // 12q // 56994 /// ENST00000549128 // CHPT1 // choline phosphotransferase 1 // 12q // 56994 /// ENST00000549872 // CHPT1 // choline phosphotransferase 1 // 12q // 56994 /// ENST00000552215 // CHPT1 // choline phosphotransferase 1 // 12q // 56994 /// ENST00000552351 // CHPT1 // choline phosphotransferase 1 // 12q // 56994 /// AF047431 // CHPT1 // choline phosphotransferase 1 // 12q // 56994 /// AF111803 // CHPT1 // choline phosphotransferase 1 // 12q // 56994 /// AF195623 // CHPT1 // choline phosphotransferase 1 // 12q // 56994 /// AF195624 // CHPT1 // choline phosphotransferase 1 // 12q // 56994 /// AK093067 // CHPT1 // choline phosphotransferase 1 // 12q // 56994 /// AK226127 // CHPT1 // choline phosphotransferase 1 // 12q // 56994 /// BC020819 // CHPT1 // choline phosphotransferase 1 // 12q // 56994 /// BC050429 // CHPT1 // choline phosphotransferase 1 // 12q // 56994 /// ENST00000550385 // CHPT1 // choline phosphotransferase 1 // 12q // 56994
8156706,NM_001166116,TMOD1,0.5626094615171204,5.4577801161616246e-15,0.5626094615171204,NM_001166116 // TMOD1 // tropomodulin 1 // 9q22.3 // 7111 /// NM_003275 // TMOD1 // tropomodulin 1 // 9q22.3 // 7111 /// ENST00000259365 // TMOD1 // tropomodulin 1 // 9q22.3 // 7111 /// ENST00000375175 // TMOD1 // tropomodulin 1 // 9q22.3 // 7111 /// ENST00000395211 // TMOD1 // tropomodulin 1 // 9q22.3 // 7111 /// AK095748 // TMOD1 // tropomodulin 1 // 9q22.3 // 7111 /// AK314533 // TMOD1 // tropomodulin 1 // 9q22.3 // 7111 /// BC002660 // TMOD1 // tropomodulin 1 // 9q22.3 // 7111 /// M77016 // TMOD1 // tropomodulin 1 // 9q22.3 // 7111
8151592,NM_001128829,CA1,0.5602068349799214,7.52536354547002e-15,0.5602068349799214,NM_001128829 // CA1 // carbonic anhydrase I // 8q21.2 // 759 /// NM_001128830 // CA1 // carbonic anhydrase I // 8q21.2 // 759 /// NM_001128831 // CA1 // carbonic anhydrase I // 8q21.2 // 759 /// NM_001164830 // CA1 // carbonic anhydrase I // 8q21.2 // 759 /// NM_001291967 // CA1 // carbonic anhydrase I // 8q21.2 // 759 /// NM_001738 // CA1 // carbonic anhydrase I // 8q21.2 // 759 /// ENST00000431316 // CA1 // carbonic anhydrase I // 8q21.2 // 759 /// ENST00000517429 // CA1 // carbonic anhydrase I // 8q21.2 // 759 /// ENST00000517590 // CA1 // carbonic anhydrase I // 8q21.2 // 759 /// ENST00000517618 // CA1 // carbonic anhydrase I // 8q21.2 // 759 /// ENST00000518341 // CA1 // carbonic anhydrase I // 8q21.2 // 759 /// ENST00000521679 // CA1 // carbonic anhydrase I // 8q21.2 // 759 /// ENST00000521846 // CA1 // carbonic anhydrase I // 8q21.2 // 759 /// ENST00000522389 // CA1 // carbonic anhydrase I // 8q21.2 // 759 /// ENST00000522579 // CA1 // carbonic anhydrase I // 8q21.2 // 759 /// ENST00000522814 // CA1 // carbonic anhydrase I // 8q21.2 // 759 /// ENST00000523022 // CA1 // carbonic anhydrase I // 8q21.2 // 759 /// ENST00000523712 // CA1 // carbonic anhydrase I // 8q21.2 // 759 /// ENST00000523953 // CA1 // carbonic anhydrase I // 8q21.2 // 759 /// ENST00000524324 // CA1 // carbonic anhydrase I // 8q21.2 // 759 /// ENST00000542576 // CA1 // carbonic anhydrase I // 8q21.2 // 759 /// BC027890 // CA1 // carbonic anhydrase I // 8q21.2 // 759 /// EU794595 // CA1 // carbonic anhydrase I // 8q21.2 // 759 /// M33987 // CA1 // carbonic anhydrase I // 8q21.2 // 759 /// NM_001291968 // CA1 // carbonic anhydrase I // 8q21.2 // 759 /// ENST00000519991 // CA1 // carbonic anhydrase I // 8q21.2 // 759
8095694,NM_002620,PF4V1,0.5459225190212003,4.8220237712543425e-14,0.5459225190212003,NM_002620 // PF4V1 // platelet factor 4 variant 1 // 4q12-q21 // 5197 /// ENST00000226524 // PF4V1 // platelet factor 4 variant 1 // 4q12-q21 // 5197 /// BC130653 // PF4V1 // platelet factor 4 variant 1 // 4q12-q21 // 5197 /// BC130657 // PF4V1 // platelet factor 4 variant 1 // 4q12-q21 // 5197
8173135,NM_000032,ALAS2,0.5367888916279658,1.5112881183780176e-13,0.5367888916279658,"NM_000032 // ALAS2 // aminolevulinate, delta-, synthase 2 // Xp11.21 // 212 /// NM_001037967 // ALAS2 // aminolevulinate, delta-, synthase 2 // Xp11.21 // 212 /// NM_001037968 // ALAS2 // aminolevulinate, delta-, synthase 2 // Xp11.21 // 212 /// ENST00000330807 // ALAS2 // aminolevulinate, delta-, synthase 2 // Xp11.21 // 212 /// ENST00000335854 // ALAS2 // aminolevulinate, delta-, synthase 2 // Xp11.21 // 212 /// ENST00000396198 // ALAS2 // aminolevulinate, delta-, synthase 2 // Xp11.21 // 212 /// ENST00000463868 // ALAS2 // aminolevulinate, delta-, synthase 2 // Xp11.21 // 212 /// ENST00000477869 // ALAS2 // aminolevulinate, delta-, synthase 2 // Xp11.21 // 212 /// ENST00000493869 // ALAS2 // aminolevulinate, delta-, synthase 2 // Xp11.21 // 212 /// ENST00000498636 // ALAS2 // aminolevulinate, delta-, synthase 2 // Xp11.21 // 212 /// AK290565 // ALAS2 // aminolevulinate, delta-, synthase 2 // Xp11.21 // 212 /// AK291589 // ALAS2 // aminolevulinate, delta-, synthase 2 // Xp11.21 // 212 /// BC030230 // ALAS2 // aminolevulinate, delta-, synthase 2 // Xp11.21 // 212 /// ENST00000455688 // ALAS2 // aminolevulinate, delta-, synthase 2 // Xp11.21 // 212"
8131067,NM_138445,GPR146,0.5312203240153743,2.9823848196950196e-13,0.5312203240153743,NM_138445 // GPR146 // G protein-coupled receptor 146 // 7p22.3 // 115330 /// XM_005249613 // GPR146 // G protein-coupled receptor 146 // 7p22.3 // 115330 /// ENST00000297468 // GPR146 // G protein-coupled receptor 146 // 7p22.3 // 115330 /// ENST00000397095 // GPR146 // G protein-coupled receptor 146 // 7p22.3 // 115330 /// ENST00000444847 // GPR146 // G protein-coupled receptor 146 // 7p22.3 // 115330 /// AK300166 // GPR146 // G protein-coupled receptor 146 // 7p22.3 // 115330 /// BC014241 // GPR146 // G protein-coupled receptor 146 // 7p22.3 // 115330
8180346,,,0.5279164202905218,4.437942085671689e-13,0.5279164202905218,---
8063478,NM_080821,FAM210B,0.5243359687474217,6.79435187704108e-13,0.5243359687474217,"NM_080821 // FAM210B // family with sequence similarity 210, member B // 20q13.2 // 116151 /// ENST00000371384 // FAM210B // family with sequence similarity 210, member B // 20q13.2 // 116151 /// BC017725 // FAM210B // family with sequence similarity 210, member B // 20q13.2 // 116151"
7953901,NM_001207010,CLEC12A,0.5216655746953263,9.304555090619473e-13,0.5216655746953263,"NM_001207010 // CLEC12A // C-type lectin domain family 12, member A // 12p13.2 // 160364 /// NM_138337 // CLEC12A // C-type lectin domain family 12, member A // 12p13.2 // 160364 /// NM_201623 // CLEC12A // C-type lectin domain family 12, member A // 12p13.2 // 160364 /// XM_006719035 // CLEC12A // C-type lectin domain family 12, member A // 12p13.2 // 160364 /// ENST00000304361 // CLEC12A // C-type lectin domain family 12, member A // 12p13.2 // 160364 /// ENST00000350667 // CLEC12A // C-type lectin domain family 12, member A // 12p13.2 // 160364 /// ENST00000355690 // CLEC12A // C-type lectin domain family 12, member A // 12p13.2 // 160364 /// ENST00000396507 // CLEC12A // C-type lectin domain family 12, member A // 12p13.2 // 160364 /// ENST00000434319 // CLEC12A // C-type lectin domain family 12, member A // 12p13.2 // 160364 /// ENST00000543839 // CLEC12A // C-type lectin domain family 12, member A // 12p13.2 // 160364 /// AF247788 // CLEC12A // C-type lectin domain family 12, member A // 12p13.2 // 160364 /// AY426759 // CLEC12A // C-type lectin domain family 12, member A // 12p13.2 // 160364 /// AY498550 // CLEC12A // C-type lectin domain family 12, member A // 12p13.2 // 160364 /// AY498551 // CLEC12A // C-type lectin domain family 12, member A // 12p13.2 // 160364 /// AY498552 // CLEC12A // C-type lectin domain family 12, member A // 12p13.2 // 160364 /// AY547296 // CLEC12A // C-type lectin domain family 12, member A // 12p13.2 // 160364 /// BC063424 // CLEC12A // C-type lectin domain family 12, member A // 12p13.2 // 160364 /// BC126289 // CLEC12A // C-type lectin domain family 12, member A // 12p13.2 // 160364 /// BC126291 // CLEC12A // C-type lectin domain family 12, member A // 12p13.2 // 160364 /// XM_006719036 // CLEC12A // C-type lectin domain family 12, member A // 12p13.2 // 160364 /// ENST00000449959 // CLEC12A // C-type lectin domain family 12, member A // 12p13.2 // 160364 /// BC027967 // CLEC12A // C-type lectin domain family 12, member A // 12p13.2 // 160364"
8138789,NM_175061,JAZF1,0.5131466561686775,2.4912828848278127e-12,0.5131466561686775,NM_175061 // JAZF1 // JAZF zinc finger 1 // 7p15.2-p15.1 // 221895 /// ENST00000283928 // JAZF1 // JAZF zinc finger 1 // 7p15.2-p15.1 // 221895 /// ENST00000427814 // JAZF1 // JAZF zinc finger 1 // 7p15.2-p15.1 // 221895 /// ENST00000430432 // JAZF1 // JAZF zinc finger 1 // 7p15.2-p15.1 // 221895 /// ENST00000447620 // JAZF1 // JAZF zinc finger 1 // 7p15.2-p15.1 // 221895 /// ENST00000452993 // JAZF1 // JAZF zinc finger 1 // 7p15.2-p15.1 // 221895 /// ENST00000454041 // JAZF1 // JAZF zinc finger 1 // 7p15.2-p15.1 // 221895 /// AY372319 // JAZF1 // JAZF zinc finger 1 // 7p15.2-p15.1 // 221895 /// BC042441 // JAZF1 // JAZF zinc finger 1 // 7p15.2-p15.1 // 221895
8128683,NM_003795,SNX3,0.5106415517526601,3.3109914359187924e-12,0.5106415517526601,NM_003795 // SNX3 // sorting nexin 3 // 6q21 // 8724 /// NM_152827 // SNX3 // sorting nexin 3 // 6q21 // 8724 /// ENST00000230085 // SNX3 // sorting nexin 3 // 6q21 // 8724 /// ENST00000349379 // SNX3 // sorting nexin 3 // 6q21 // 8724 /// ENST00000368979 // SNX3 // sorting nexin 3 // 6q21 // 8724 /// ENST00000426155 // SNX3 // sorting nexin 3 // 6q21 // 8724 /// AB047360 // SNX3 // sorting nexin 3 // 6q21 // 8724 /// AF034546 // SNX3 // sorting nexin 3 // 6q21 // 8724 /// AF062483 // SNX3 // sorting nexin 3 // 6q21 // 8724 /// AK289476 // SNX3 // sorting nexin 3 // 6q21 // 8724 /// BC008444 // SNX3 // sorting nexin 3 // 6q21 // 8724 /// BC014580 // SNX3 // sorting nexin 3 // 6q21 // 8724 /// BC015179 // SNX3 // sorting nexin 3 // 6q21 // 8724 /// BC016863 // SNX3 // sorting nexin 3 // 6q21 // 8724 /// BT007114 // SNX3 // sorting nexin 3 // 6q21 // 8724 /// CR456898 // SNX3 // sorting nexin 3 // 6q21 // 8724
8007462,NR_003108,NBR2,0.4996380732892155,1.1241292900390426e-11,0.4996380732892155,NR_003108 // NBR2 // neighbor of BRCA1 gene 2 (non-protein coding) // 17q21 // 10230 /// ENST00000356906 // NBR2 // neighbor of BRCA1 gene 2 (non-protein coding) // 17q21 // 10230 /// ENST00000460115 // NBR2 // neighbor of BRCA1 gene 2 (non-protein coding) // 17q21 // 10230 /// BC107773 // NBR2 // neighbor of BRCA1 gene 2 (non-protein coding) // 17q21 // 10230 /// CR936675 // NBR2 // neighbor of BRCA1 gene 2 (non-protein coding) // 17q21 // 10230 /// U88573 // NBR2 // neighbor of BRCA1 gene 2 (non-protein coding) // 17q21 // 10230 /// BC034248 // NBR2 // neighbor of BRCA1 gene 2 (non-protein coding) // 17q21 // 10230 /// ENST00000467245 // NBR2 // neighbor of BRCA1 gene 2 (non-protein coding) // 17q21 // 10230 /// BC022065 // NBR2 // neighbor of BRCA1 gene 2 (non-protein coding) // 17q21 // 10230
8092552,NM_001007225,IGF2BP2,0.4986491621658545,1.2519983035888186e-11,0.4986491621658545,NM_001007225 // IGF2BP2 // insulin-like growth factor 2 mRNA binding protein 2 // 3q27.2 // 10644 /// NM_001291869 // IGF2BP2 // insulin-like growth factor 2 mRNA binding protein 2 // 3q27.2 // 10644 /// NM_001291872 // IGF2BP2 // insulin-like growth factor 2 mRNA binding protein 2 // 3q27.2 // 10644 /// NM_001291873 // IGF2BP2 // insulin-like growth factor 2 mRNA binding protein 2 // 3q27.2 // 10644 /// NM_001291874 // IGF2BP2 // insulin-like growth factor 2 mRNA binding protein 2 // 3q27.2 // 10644 /// NM_001291875 // IGF2BP2 // insulin-like growth factor 2 mRNA binding protein 2 // 3q27.2 // 10644 /// NM_006548 // IGF2BP2 // insulin-like growth factor 2 mRNA binding protein 2 // 3q27.2 // 10644 /// XM_006713477 // IGF2BP2 // insulin-like growth factor 2 mRNA binding protein 2 // 3q27.2 // 10644 /// ENST00000346192 // IGF2BP2 // insulin-like growth factor 2 mRNA binding protein 2 // 3q27.2 // 10644 /// ENST00000382199 // IGF2BP2 // insulin-like growth factor 2 mRNA binding protein 2 // 3q27.2 // 10644 /// ENST00000421047 // IGF2BP2 // insulin-like growth factor 2 mRNA binding protein 2 // 3q27.2 // 10644 /// ENST00000457616 // IGF2BP2 // insulin-like growth factor 2 mRNA binding protein 2 // 3q27.2 // 10644 /// ENST00000494906 // IGF2BP2 // insulin-like growth factor 2 mRNA binding protein 2 // 3q27.2 // 10644 /// AF117107 // IGF2BP2 // insulin-like growth factor 2 mRNA binding protein 2 // 3q27.2 // 10644 /// AK290664 // IGF2BP2 // insulin-like growth factor 2 mRNA binding protein 2 // 3q27.2 // 10644 /// AK296703 // IGF2BP2 // insulin-like growth factor 2 mRNA binding protein 2 // 3q27.2 // 10644 /// AK309611 // IGF2BP2 // insulin-like growth factor 2 mRNA binding protein 2 // 3q27.2 // 10644 /// BC021290 // IGF2BP2 // insulin-like growth factor 2 mRNA binding protein 2 // 3q27.2 // 10644 /// EU408701 // IGF2BP2 // insulin-like growth factor 2 mRNA binding protein 2 // 3q27.2 // 10644 /// EU408702 // IGF2BP2 // insulin-like growth factor 2 mRNA binding protein 2 // 3q27.2 // 10644 /// EU408703 // IGF2BP2 // insulin-like growth factor 2 mRNA binding protein 2 // 3q27.2 // 10644 /// EU408704 // IGF2BP2 // insulin-like growth factor 2 mRNA binding protein 2 // 3q27.2 // 10644
7930398,NM_001008541,MXI1,0.496624259919729,1.5593351166706598e-11,0.496624259919729,"NM_001008541 // MXI1 // MAX interactor 1, dimerization protein // 10q24-q25 // 4601 /// NM_130439 // MXI1 // MAX interactor 1, dimerization protein // 10q24-q25 // 4601 /// ENST00000332674 // MXI1 // MAX interactor 1, dimerization protein // 10q24-q25 // 4601 /// ENST00000361248 // MXI1 // MAX interactor 1, dimerization protein // 10q24-q25 // 4601 /// ENST00000369612 // MXI1 // MAX interactor 1, dimerization protein // 10q24-q25 // 4601 /// ENST00000393134 // MXI1 // MAX interactor 1, dimerization protein // 10q24-q25 // 4601 /// ENST00000442296 // MXI1 // MAX interactor 1, dimerization protein // 10q24-q25 // 4601 /// ENST00000453116 // MXI1 // MAX interactor 1, dimerization protein // 10q24-q25 // 4601 /// ENST00000460667 // MXI1 // MAX interactor 1, dimerization protein // 10q24-q25 // 4601 /// ENST00000484030 // MXI1 // MAX interactor 1, dimerization protein // 10q24-q25 // 4601 /// ENST00000485566 // MXI1 // MAX interactor 1, dimerization protein // 10q24-q25 // 4601 /// AK303949 // MXI1 // MAX interactor 1, dimerization protein // 10q24-q25 // 4601 /// AK307090 // MXI1 // MAX interactor 1, dimerization protein // 10q24-q25 // 4601 /// AK309718 // MXI1 // MAX interactor 1, dimerization protein // 10q24-q25 // 4601 /// BC012907 // MXI1 // MAX interactor 1, dimerization protein // 10q24-q25 // 4601 /// BC016678 // MXI1 // MAX interactor 1, dimerization protein // 10q24-q25 // 4601 /// BC035128 // MXI1 // MAX interactor 1, dimerization protein // 10q24-q25 // 4601 /// D63940 // MXI1 // MAX interactor 1, dimerization protein // 10q24-q25 // 4601 /// NM_005962 // MXI1 // MAX interactor 1, dimerization protein // 10q24-q25 // 4601 /// ENST00000239007 // MXI1 // MAX interactor 1, dimerization protein // 10q24-q25 // 4601 /// BT007069 // MXI1 // MAX interactor 1, dimerization protein // 10q24-q25 // 4601 /// CR536576 // MXI1 // MAX interactor 1, dimerization protein // 10q24-q25 // 4601"
7958262,NM_152772,TCP11L2,0.4960036946016203,1.667368842346412e-11,0.4960036946016203,"NM_152772 // TCP11L2 // t-complex 11, testis-specific-like 2 // 12q23.3 // 255394 /// XM_005268768 // TCP11L2 // t-complex 11, testis-specific-like 2 // 12q23.3 // 255394 /// XM_005268769 // TCP11L2 // t-complex 11, testis-specific-like 2 // 12q23.3 // 255394 /// ENST00000299045 // TCP11L2 // t-complex 11, testis-specific-like 2 // 12q23.3 // 255394 /// ENST00000551802 // TCP11L2 // t-complex 11, testis-specific-like 2 // 12q23.3 // 255394 /// ENST00000553098 // TCP11L2 // t-complex 11, testis-specific-like 2 // 12q23.3 // 255394 /// BC033617 // TCP11L2 // t-complex 11, testis-specific-like 2 // 12q23.3 // 255394 /// NM_001286262 // TCP11L2 // t-complex 11, testis-specific-like 2 // 12q23.3 // 255394 /// ENST00000546625 // TCP11L2 // t-complex 11, testis-specific-like 2 // 12q23.3 // 255394 /// ENST00000547153 // TCP11L2 // t-complex 11, testis-specific-like 2 // 12q23.3 // 255394 /// AF306858 // TCP11L2 // t-complex 11, testis-specific-like 2 // 12q23.3 // 255394"
7953977,,,0.4953824044616779,1.782786577149662e-11,0.4953824044616779,---
7989849,NM_001144823,DENND4A,0.4918749918161013,2.5948046732786068e-11,0.4918749918161013,NM_001144823 // DENND4A // DENN/MADD domain containing 4A // 15q22.31 // 10260 /// NM_005848 // DENND4A // DENN/MADD domain containing 4A // 15q22.31 // 10260 /// ENST00000431932 // DENND4A // DENN/MADD domain containing 4A // 15q22.31 // 10260 /// ENST00000443035 // DENND4A // DENN/MADD domain containing 4A // 15q22.31 // 10260 /// ENST00000564674 // DENND4A // DENN/MADD domain containing 4A // 15q22.31 // 10260 /// ENST00000568515 // DENND4A // DENN/MADD domain containing 4A // 15q22.31 // 10260 /// AF534403 // DENND4A // DENN/MADD domain containing 4A // 15q22.31 // 10260 /// AK299570 // DENND4A // DENN/MADD domain containing 4A // 15q22.31 // 10260 /// BC041706 // DENND4A // DENN/MADD domain containing 4A // 15q22.31 // 10260
8058221,NM_015049,TRAK2,0.4903944144414213,3.0364089681556307e-11,0.4903944144414213,"NM_015049 // TRAK2 // trafficking protein, kinesin binding 2 // 2q33 // 66008 /// ENST00000332624 // TRAK2 // trafficking protein, kinesin binding 2 // 2q33 // 66008 /// ENST00000430254 // TRAK2 // trafficking protein, kinesin binding 2 // 2q33 // 66008 /// AB038951 // TRAK2 // trafficking protein, kinesin binding 2 // 2q33 // 66008 /// AK054763 // TRAK2 // trafficking protein, kinesin binding 2 // 2q33 // 66008 /// BC040668 // TRAK2 // trafficking protein, kinesin binding 2 // 2q33 // 66008 /// BC041330 // TRAK2 // trafficking protein, kinesin binding 2 // 2q33 // 66008 /// BC048093 // TRAK2 // trafficking protein, kinesin binding 2 // 2q33 // 66008"
8018097,NM_001098832,FAM104A,0.4879859261103603,3.914687224593369e-11,0.4879859261103603,"NM_001098832 // FAM104A // family with sequence similarity 104, member A // 17q25.1 // 84923 /// NM_001289410 // FAM104A // family with sequence similarity 104, member A // 17q25.1 // 84923 /// NM_001289411 // FAM104A // family with sequence similarity 104, member A // 17q25.1 // 84923 /// NM_001289412 // FAM104A // family with sequence similarity 104, member A // 17q25.1 // 84923 /// NM_032837 // FAM104A // family with sequence similarity 104, member A // 17q25.1 // 84923 /// ENST00000403627 // FAM104A // family with sequence similarity 104, member A // 17q25.1 // 84923 /// ENST00000405159 // FAM104A // family with sequence similarity 104, member A // 17q25.1 // 84923 /// ENST00000579872 // FAM104A // family with sequence similarity 104, member A // 17q25.1 // 84923 /// ENST00000580032 // FAM104A // family with sequence similarity 104, member A // 17q25.1 // 84923 /// ENST00000581110 // FAM104A // family with sequence similarity 104, member A // 17q25.1 // 84923 /// ENST00000583024 // FAM104A // family with sequence similarity 104, member A // 17q25.1 // 84923 /// AK304556 // FAM104A // family with sequence similarity 104, member A // 17q25.1 // 84923 /// BC011054 // FAM104A // family with sequence similarity 104, member A // 17q25.1 // 84923 /// BC025238 // FAM104A // family with sequence similarity 104, member A // 17q25.1 // 84923 /// ENST00000583178 // FAM104A // family with sequence similarity 104, member A // 17q25.1 // 84923"
